Sample ID,Depth (m),SS mean
MD02-2588-0.5,0.5,25.6328
MD02-2588-1.5,1.5,19.5626
MD02-2588-2.5,2.5,20.8332
MD02-2588-3.5,3.5,22.1044
MD02-2588-4.5,4.5,22.4412
MD02-2588-5.5,5.5,20.0788
MD02-2588-6.5,6.5,20.3589
MD02-2588-7.5,7.5,23.055
MD02-2588-8.5,8.5,20.4137
MD02-2588-9.5,9.5,22.0288
MD02-2588-10.5,10.5,22.0815
MD02-2588-11.5,11.5,21.4741
MD02-2588-12.5,12.5,22.3851
MD02-2588-13.5,13.5,20.7909
MD02-2588-14.5,14.5,
MD02-2588-15.5,15.5,19.4527
MD02-2588-16.5,16.5,21.6616
MD02-2588-17.5,17.5,22.2085
MD02-2588-18.5,18.5,21.9885
MD02-2588-19.5,19.5,23.6958
MD02-2588-20.5,20.5,21.827
MD02-2588-21.5,21.5,22.3642
MD02-2588-22.5,22.5,22.5034
MD02-2588-23.5,23.5,19.6765
MD02-2588-24.5,24.5,22.1812
MD02-2588-25.5,25.5,21.8273
MD02-2588-26.5,26.5,21.4198
MD02-2588-27.5,27.5,22.4617
MD02-2588-28.5,28.5,23.0654
MD02-2588-29.5,29.5,21.3819
MD02-2588-30.5,30.5,21.0313
MD02-2588-31.5,31.5,21.3379
MD02-2588-32.5,32.5,23.6858
MD02-2588-33.5,33.5,20.6217
MD02-2588-34.5,34.5,22.7912
MD02-2588-35.5,35.5,21.9842
MD02-2588-36.5,36.5,21.5093
MD02-2588-37.5,37.5,19.0499
MD02-2588-38.5,38.5,19.0928
MD02-2588-39.5,39.5,19.7236
MD02-2588-40.5,40.5,20.769
MD02-2588-41.5,41.5,20.2792
MD02-2588-42.5,42.5,22.9508
MD02-2588-43.5,43.5,22.6159
MD02-2588-44.5,44.5,22.225
MD02-2588-45.5,45.5,19.9937
MD02-2588-46.5,46.5,22.3066
MD02-2588-47.5,47.5,21.4979
MD02-2588-48.5,48.5,25.739
MD02-2588-49.5,49.5,22.963
MD02-2588-50.5,50.5,24.0439
MD02-2588-51.5,51.5,21.9993
MD02-2588-52.5,52.5,23.8861
MD02-2588-53.5,53.5,22.5766
MD02-2588-54.5,54.5,24.8564
MD02-2588-55.5,55.5,19.3449
MD02-2588-56.5,56.5,23.7004
MD02-2588-57.5,57.5,20.1525
MD02-2588-58.5,58.5,19.6434
MD02-2588-59.5,59.5,19.2364
MD02-2588-60.5,60.5,24.8125
MD02-2588-61.5,61.5,25.762
MD02-2588-62.5,62.5,23.8308
MD02-2588-63.5,63.5,22.2902
MD02-2588-64.5,64.5,21.8696
MD02-2588-65.5,65.5,23.9284
MD02-2588-66.5,66.5,22.3333
MD02-2588-67.5,67.5,23.4977
MD02-2588-68.5,68.5,24.7325
MD02-2588-69.5,69.5,27.3683
MD02-2588-70.5,70.5,
MD02-2588-71.5,71.5,20.3398
MD02-2588-72.5,72.5,21.6242
MD02-2588-73.5,73.5,26.1867
MD02-2588-74.5,74.5,24.7477
MD02-2588-75.5,75.5,19.3234
MD02-2588-76.5,76.5,26.2275
MD02-2588-77.5,77.5,27.4945
MD02-2588-78.5,78.5,22.9312
MD02-2588-79.5,79.5,28.0964
MD02-2588-80.5,80.5,22.2835
MD02-2588-81.5,81.5,26.1398
MD02-2588-82.5,82.5,28.2438
MD02-2588-83.5,83.5,25.6583
MD02-2588-84.5,84.5,23.9918
MD02-2588-85.5,85.5,29.2671
MD02-2588-86.5,86.5,22.8383
MD02-2588-87.5,87.5,22.5603
MD02-2588-88.5,88.5,22.1346
MD02-2588-89.5,89.5,25.7631
MD02-2588-90.5,90.5,26.2417
MD02-2588-91.5,91.5,25.2293
MD02-2588-92.5,92.5,28.5451
MD02-2588-93.5,93.5,21.0059
MD02-2588-94.5,94.5,26.7512
MD02-2588-95.5,95.5,23.3905
MD02-2588-96.5,96.5,25.9304
MD02-2588-97.5,97.5,22.3949
MD02-2588-98.5,98.5,27.5855
MD02-2588-99.5,99.5,25.2644
MD02-2588-100.5,100.5,21.1289
MD02-2588-101.5,101.5,24.9228
MD02-2588-102.5,102.5,25.5782
MD02-2588-103.5,103.5,26.8807
MD02-2588-104.5,104.5,23.3142
MD02-2588-105.5,105.5,19.747
MD02-2588-106.5,106.5,21.8989
MD02-2588-107.5,107.5,20.8152
MD02-2588-108.5,108.5,23.2751
MD02-2588-109.5,109.5,22.9044
MD02-2588-110.5,110.5,23.992
MD02-2588-111.5,111.5,23.65
MD02-2588-112.5,112.5,26.6888
MD02-2588-113.5,113.5,24.0692
MD02-2588-114.5,114.5,22.879
MD02-2588-115.5,115.5,23.3092
MD02-2588-116.5,116.5,26.0021
MD02-2588-117.5,117.5,25.7791
MD02-2588-118.5,118.5,22.7583
MD02-2588-119.5,119.5,21.5983
MD02-2588-120.5,120.5,23.6057
MD02-2588-121.5,121.5,25.5068
MD02-2588-122.5,122.5,25.8325
MD02-2588-123.5,123.5,24.854
MD02-2588-124.5,124.5,25.0871
MD02-2588-125.5,125.5,26.8182
MD02-2588-126.5,126.5,26.7345
MD02-2588-127.5,127.5,22.3889
MD02-2588-128.5,128.5,24.1355
MD02-2588-129.5,129.5,21.311
MD02-2588-130.5,130.5,20.8672
MD02-2588-131.5,131.5,24.2122
MD02-2588-132.5,132.5,25.9585
MD02-2588-133.5,133.5,24.7499
MD02-2588-134.5,134.5,26.7552
MD02-2588-135.5,135.5,24.0441
MD02-2588-136.5,136.5,20.8661
MD02-2588-137.5,137.5,20.9292
MD02-2588-138.5,138.5,24.4706
MD02-2588-139.5,139.5,21.4465
MD02-2588-140.5,140.5,23.9829
MD02-2588-141.5,141.5,
MD02-2588-142.5,142.5,26.9937
MD02-2588-143.5,143.5,26.7576
MD02-2588-144.5,144.5,22.063
MD02-2588-145.5,145.5,23.7353
MD02-2588-146.5,146.5,26.0555
MD02-2588-147.5,147.5,23.3962
MD02-2588-148.5,148.5,25.5162
MD02-2588-149.5,149.5,26.0157
MD02-2588-150.5,150.5,22.7533
MD02-2588-151.5,151.5,25.9752
MD02-2588-152.5,152.5,26.4257
MD02-2588-153.5,153.5,24.2862
MD02-2588-154.5,154.5,22.3942
MD02-2588-155.5,155.5,21.6715
MD02-2588-156.5,156.5,25.4196
MD02-2588-157.5,157.5,27.7309
MD02-2588-158.5,158.5,27.8929
MD02-2588-159.5,159.5,27.1182
MD02-2588-160.5,160.5,24.2463
MD02-2588-161.5,161.5,24.177
MD02-2588-162.5,162.5,28.8098
MD02-2588-163.5,163.5,25.3236
MD02-2588-164.5,164.5,27.975
MD02-2588-165.5,165.5,23.5926
MD02-2588-166.5,166.5,28.3212
MD02-2588-167.5,167.5,29.658
MD02-2588-168.5,168.5,22.4274
MD02-2588-169.5,169.5,27.8978
MD02-2588-170.5,170.5,22.8915
MD02-2588-171.5,171.5,24.9756
MD02-2588-172.5,172.5,25.6368
MD02-2588-173.5,173.5,28.7926
MD02-2588-174.5,174.5,26.6722
MD02-2588-175.5,175.5,27.3833
MD02-2588-176.5,176.5,27.5705
MD02-2588-177.5,177.5,27.4402
MD02-2588-178.5,178.5,24.7087
MD02-2588-179.5,179.5,28.5611
MD02-2588-180.5,180.5,25.1812
MD02-2588-181.5,181.5,26.9491
MD02-2588-182.5,182.5,26.1682
MD02-2588-183.5,183.5,29.869
MD02-2588-184.5,184.5,25.8471
MD02-2588-185.5,185.5,25.7522
MD02-2588-186.5,186.5,21.3025
MD02-2588-187.5,187.5,22.7724
MD02-2588-188.5,188.5,22.3909
MD02-2588-189.5,189.5,26.4348
MD02-2588-190.5,190.5,29.4831
MD02-2588-191.5,191.5,26.5485
MD02-2588-192.5,192.5,26.0536
MD02-2588-193.5,193.5,22.9324
MD02-2588-194.5,194.5,25.3166
MD02-2588-195.5,195.5,22.6518
MD02-2588-196.5,196.5,23.5309
MD02-2588-197.5,197.5,23.1784
MD02-2588-198.5,198.5,22.39
MD02-2588-199.5,199.5,24.0355
MD02-2588-200.5,200.5,22.987
MD02-2588-201.5,201.5,21.9163
MD02-2588-202.5,202.5,24.322
MD02-2588-203.5,203.5,23.6852
MD02-2588-204.5,204.5,21.6081
MD02-2588-205.5,205.5,20.2796
MD02-2588-206.5,206.5,22.9296
MD02-2588-207.5,207.5,23.9259
MD02-2588-208.5,208.5,20.6385
MD02-2588-209.5,209.5,21.6868
MD02-2588-210.5,210.5,22.9119
MD02-2588-211.5,211.5,
MD02-2588-212.5,212.5,19.697
MD02-2588-213.5,213.5,19.4627
MD02-2588-214.5,214.5,19.9336
MD02-2588-215.5,215.5,21.4032
MD02-2588-216.5,216.5,21.5529
MD02-2588-217.5,217.5,20.83
MD02-2588-218.5,218.5,22.2659
MD02-2588-219.5,219.5,21.7853
MD02-2588-220.5,220.5,20.2077
MD02-2588-221.5,221.5,20.7815
MD02-2588-222.5,222.5,19.6019
MD02-2588-223.5,223.5,21.2704
MD02-2588-224.5,224.5,21.041
MD02-2588-225.5,225.5,24.46
MD02-2588-226.5,226.5,22.1314
MD02-2588-227.5,227.5,22.8687
MD02-2588-228.5,228.5,21.7975
MD02-2588-229.5,229.5,24.2572
MD02-2588-230.5,230.5,21.531
MD02-2588-231.5,231.5,21.483
MD02-2588-232.5,232.5,23.4535
MD02-2588-233.5,233.5,21.9018
MD02-2588-234.5,234.5,21.034
MD02-2588-235.5,235.5,21.521
MD02-2588-236.5,236.5,24.92
MD02-2588-237.5,237.5,22.3122
MD02-2588-238.5,238.5,22.6409
MD02-2588-239.5,239.5,23.1931
MD02-2588-240.5,240.5,23.3416
MD02-2588-241.5,241.5,23.2127
MD02-2588-242.5,242.5,22.9966
MD02-2588-243.5,243.5,20.0838
MD02-2588-244.5,244.5,20.826
MD02-2588-245.5,245.5,23.056
MD02-2588-246.5,246.5,22.8687
MD02-2588-247.5,247.5,20.6474
MD02-2588-248.5,248.5,22.6479
MD02-2588-249.5,249.5,22.4524
MD02-2588-250.5,250.5,21.6131
MD02-2588-251.5,251.5,24.099
MD02-2588-252.5,252.5,21.6932
MD02-2588-253.5,253.5,20.069
MD02-2588-254.5,254.5,20.6906
MD02-2588-255.5,255.5,21.0529
MD02-2588-256.5,256.5,22.7873
MD02-2588-257.5,257.5,20.5344
MD02-2588-258.5,258.5,21.2739
MD02-2588-259.5,259.5,21.0287
MD02-2588-260.5,260.5,20.4492
MD02-2588-261.5,261.5,19.8977
MD02-2588-262.5,262.5,21.6747
MD02-2588-263.5,263.5,20.0378
MD02-2588-264.5,264.5,21.223
MD02-2588-265.5,265.5,21.2752
MD02-2588-266.5,266.5,19.6037
MD02-2588-267.5,267.5,20.4432
MD02-2588-268.5,268.5,18.8265
MD02-2588-269.5,269.5,18.1694
MD02-2588-270.5,270.5,21.8315
MD02-2588-271.5,271.5,20.0344
MD02-2588-272.5,272.5,20.6747
MD02-2588-273.5,273.5,18.8483
MD02-2588-274.5,274.5,20.424
MD02-2588-275.5,275.5,19.0855
MD02-2588-276.5,276.5,18.7452
MD02-2588-277.5,277.5,20.0815
MD02-2588-278.5,278.5,18.1872
MD02-2588-279.5,279.5,19.4616
MD02-2588-280.5,280.5,19.5958
MD02-2588-281.5,281.5,19.996
MD02-2588-282.5,282.5,20.3673
MD02-2588-283.5,283.5,19.7052
MD02-2588-284.5,284.5,21.1058
MD02-2588-285.5,285.5,21.5854
MD02-2588-286.5,286.5,21.6226
MD02-2588-287.5,287.5,19.6091
MD02-2588-288.5,288.5,20.8895
MD02-2588-289.5,289.5,19.151
MD02-2588-290.5,290.5,20.3992
MD02-2588-291.5,291.5,20.2527
MD02-2588-292.5,292.5,22.3636
MD02-2588-293.5,293.5,21.9548
MD02-2588-294.5,294.5,22.9615
MD02-2588-295.5,295.5,22.3698
MD02-2588-296.5,296.5,20.206
MD02-2588-297.5,297.5,23.0246
MD02-2588-298.5,298.5,20.8598
MD02-2588-299.5,299.5,22.0595
MD02-2588-300.5,300.5,21.1146
MD02-2588-301.5,301.5,22.0698
MD02-2588-302.5,302.5,22.5199
MD02-2588-303.5,303.5,20.5382
MD02-2588-304.5,304.5,22.2195
MD02-2588-305.5,305.5,22.9833
MD02-2588-306.5,306.5,23.4452
MD02-2588-307.5,307.5,22.182
MD02-2588-308.5,308.5,23.9431
MD02-2588-309.5,309.5,21.1678
MD02-2588-310.5,310.5,20.6687
MD02-2588-311.5,311.5,21.6728
MD02-2588-312.5,312.5,24.1266
MD02-2588-313.5,313.5,
MD02-2588-314.5,314.5,20.7366
MD02-2588-315.5,315.5,19.776
MD02-2588-316.5,316.5,21.943
MD02-2588-317.5,317.5,22.5852
MD02-2588-318.5,318.5,21.9202
MD02-2588-319.5,319.5,21.5105
MD02-2588-320.5,320.5,19.0984
MD02-2588-321.5,321.5,21.671
MD02-2588-322.5,322.5,22.6404
MD02-2588-323.5,323.5,23.8238
MD02-2588-324.5,324.5,22.9056
MD02-2588-325.5,325.5,21.4833
MD02-2588-326.5,326.5,22.593
MD02-2588-327.5,327.5,21.2806
MD02-2588-328.5,328.5,20.5268
MD02-2588-329.5,329.5,22.5606
MD02-2588-330.5,330.5,22.7391
MD02-2588-331.5,331.5,22.2639
MD02-2588-332.5,332.5,22.2138
MD02-2588-333.5,333.5,21.3122
MD02-2588-334.5,334.5,22.0252
MD02-2588-335.5,335.5,21.6033
MD02-2588-336.5,336.5,22.0127
MD02-2588-337.5,337.5,21.3369
MD02-2588-338.5,338.5,20.9321
MD02-2588-339.5,339.5,22.8622
MD02-2588-340.5,340.5,22.1316
MD02-2588-341.5,341.5,20.6679
MD02-2588-342.5,342.5,20.3318
MD02-2588-343.5,343.5,21.45
MD02-2588-344.5,344.5,21.9933
MD02-2588-345.5,345.5,19.9185
MD02-2588-346.5,346.5,21.284
MD02-2588-347.5,347.5,19.5189
MD02-2588-348.5,348.5,21.3269
MD02-2588-349.5,349.5,19.4142
MD02-2588-350.5,350.5,21.7805
MD02-2588-351.5,351.5,20.5002
MD02-2588-352.5,352.5,19.5216
MD02-2588-353.5,353.5,22.1553
MD02-2588-354.5,354.5,19.4895
MD02-2588-355.5,355.5,23.5452
MD02-2588-356.5,356.5,21.4546
MD02-2588-357.5,357.5,21.0426
MD02-2588-358.5,358.5,20.969
MD02-2588-359.5,359.5,21.861
MD02-2588-360.5,360.5,22.4344
MD02-2588-361.5,361.5,21.7044
MD02-2588-362.5,362.5,22.512
MD02-2588-363.5,363.5,20.212
MD02-2588-364.5,364.5,22.031
MD02-2588-365.5,365.5,22.0734
MD02-2588-366.5,366.5,21.1436
MD02-2588-367.5,367.5,21.6996
MD02-2588-368.5,368.5,20.3864
MD02-2588-369.5,369.5,21.6052
MD02-2588-370.5,370.5,24.4174
MD02-2588-371.5,371.5,20.625
MD02-2588-372.5,372.5,21.2702
MD02-2588-373.5,373.5,21.063
MD02-2588-374.5,374.5,21.7783
MD02-2588-375.5,375.5,21.095
MD02-2588-376.5,376.5,19.9376
MD02-2588-377.5,377.5,20.6087
MD02-2588-378.5,378.5,19.7096
MD02-2588-379.5,379.5,19.8228
MD02-2588-380.5,380.5,20.1778
MD02-2588-381.5,381.5,19.504
MD02-2588-382.5,382.5,18.8717
MD02-2588-383.5,383.5,19.5936
MD02-2588-384.5,384.5,19.7097
MD02-2588-385.5,385.5,20.1389
MD02-2588-386.5,386.5,18.7903
MD02-2588-387.5,387.5,19.6963
MD02-2588-388.5,388.5,19.7402
MD02-2588-389.5,389.5,19.491
MD02-2588-390.5,390.5,20.6092
MD02-2588-391.5,391.5,19.9173
MD02-2588-392.5,392.5,19.5403
MD02-2588-393.5,393.5,19.2655
MD02-2588-394.5,394.5,19.1075
MD02-2588-395.5,395.5,20.596
MD02-2588-396.5,396.5,20.2607
MD02-2588-397.5,397.5,21.7462
MD02-2588-398.5,398.5,20.4454
MD02-2588-399.5,399.5,21.4102
MD02-2588-400.5,400.5,21.6191
MD02-2588-401.5,401.5,20.9551
MD02-2588-402.5,402.5,22.3084
MD02-2588-403.5,403.5,21.121
MD02-2588-404.5,404.5,22.6339
MD02-2588-405.5,405.5,21.1654
MD02-2588-406.5,406.5,21.7086
MD02-2588-407.5,407.5,20.8735
MD02-2588-408.5,408.5,20.6438
MD02-2588-409.5,409.5,21.8728
MD02-2588-410.5,410.5,20.0859
MD02-2588-411.5,411.5,23.157
MD02-2588-412.5,412.5,22.209
MD02-2588-413.5,413.5,21.0282
MD02-2588-414.5,414.5,21.7477
MD02-2588-415.5,415.5,21.2931
MD02-2588-416.5,416.5,22.5566
MD02-2588-417.5,417.5,22.303
MD02-2588-418.5,418.5,22.3454
MD02-2588-419.5,419.5,22.8016
MD02-2588-420.5,420.5,23.2326
MD02-2588-421.5,421.5,23.5996
MD02-2588-422.5,422.5,23.0385
MD02-2588-423.5,423.5,21.6805
MD02-2588-424.5,424.5,22.8365
MD02-2588-425.5,425.5,21.7036
MD02-2588-426.5,426.5,24.7746
MD02-2588-427.5,427.5,25.1701
MD02-2588-428.5,428.5,22.0964
MD02-2588-429.5,429.5,23.2588
MD02-2588-430.5,430.5,25.3165
MD02-2588-431.5,431.5,21.5647
MD02-2588-432.5,432.5,21.4493
MD02-2588-433.5,433.5,23.7737
MD02-2588-434.5,434.5,22.3013
MD02-2588-435.5,435.5,23.383
MD02-2588-436.5,436.5,21.3759
MD02-2588-437.5,437.5,23.6051
MD02-2588-438.5,438.5,22.8135
MD02-2588-439.5,439.5,24.4504
MD02-2588-440.5,440.5,23.7826
MD02-2588-441.5,441.5,21.7728
MD02-2588-442.5,442.5,23.5795
MD02-2588-443.5,443.5,25.1348
MD02-2588-444.5,444.5,25.8864
MD02-2588-445.5,445.5,22.7057
MD02-2588-446.5,446.5,22.7664
MD02-2588-447.5,447.5,22.6587
MD02-2588-448.5,448.5,23.5566
MD02-2588-449.5,449.5,23.3453
MD02-2588-450.5,450.5,22.2556
MD02-2588-451.5,451.5,23.4857
MD02-2588-452.5,452.5,21.9752
MD02-2588-453.5,453.5,24.2343
MD02-2588-454.5,454.5,23.0246
MD02-2588-455.5,455.5,24.2753
MD02-2588-456.5,456.5,24.0819
MD02-2588-457.5,457.5,22.9106
MD02-2588-458.5,458.5,24.0484
MD02-2588-459.5,459.5,23.1847
MD02-2588-460.5,460.5,25.0354
MD02-2588-461.5,461.5,22.9253
MD02-2588-462.5,462.5,21.92
MD02-2588-463.5,463.5,22.9904
MD02-2588-464.5,464.5,22.8878
MD02-2588-465.5,465.5,22.8117
MD02-2588-466.5,466.5,23.0852
MD02-2588-467.5,467.5,21.9472
MD02-2588-468.5,468.5,22.2089
MD02-2588-469.5,469.5,21.461
MD02-2588-470.5,470.5,22.6851
MD02-2588-471.5,471.5,22.2325
MD02-2588-472.5,472.5,22.5329
MD02-2588-473.5,473.5,22.2956
MD02-2588-474.5,474.5,20.5579
MD02-2588-475.5,475.5,21.621
MD02-2588-476.5,476.5,21.6877
MD02-2588-477.5,477.5,23.4088
MD02-2588-478.5,478.5,22.0845
MD02-2588-479.5,479.5,22.7197
MD02-2588-480.5,480.5,20.1339
MD02-2588-481.5,481.5,23.0907
MD02-2588-482.5,482.5,23.1599
MD02-2588-483.5,483.5,20.8912
MD02-2588-484.5,484.5,20.7991
MD02-2588-485.5,485.5,23.5479
MD02-2588-486.5,486.5,21.2457
MD02-2588-487.5,487.5,21.5029
MD02-2588-488.5,488.5,22.246
MD02-2588-489.5,489.5,20.6224
MD02-2588-490.5,490.5,24.2443
MD02-2588-491.5,491.5,22.4074
MD02-2588-492.5,492.5,23.4802
MD02-2588-493.5,493.5,23.2413
MD02-2588-494.5,494.5,23.899
MD02-2588-495.5,495.5,23.4773
MD02-2588-496.5,496.5,23.9959
MD02-2588-497.5,497.5,22.3815
MD02-2588-498.5,498.5,22.0691
MD02-2588-499.5,499.5,21.0734
MD02-2588-500.5,500.5,22.5357
MD02-2588-501.5,501.5,22.3588
MD02-2588-502.5,502.5,23.1862
MD02-2588-503.5,503.5,25.1605
MD02-2588-504.5,504.5,22.3362
MD02-2588-505.5,505.5,22.6763
MD02-2588-506.5,506.5,21.4533
MD02-2588-507.5,507.5,22.684
MD02-2588-508.5,508.5,23.0499
MD02-2588-509.5,509.5,24.1275
MD02-2588-510.5,510.5,21.8105
MD02-2588-511.5,511.5,21.82
MD02-2588-512.5,512.5,20.4523
MD02-2588-513.5,513.5,23.3236
MD02-2588-514.5,514.5,22.5111
MD02-2588-515.5,515.5,24.5233
MD02-2588-516.5,516.5,23.3467
MD02-2588-517.5,517.5,25.6546
MD02-2588-518.5,518.5,24.1535
MD02-2588-519.5,519.5,25.4665
MD02-2588-520.5,520.5,24.8258
MD02-2588-521.5,521.5,25.1684
MD02-2588-522.5,522.5,23.5244
MD02-2588-523.5,523.5,23.2453
MD02-2588-524.5,524.5,22.2358
MD02-2588-525.5,525.5,22.4616
MD02-2588-526.5,526.5,22.9792
MD02-2588-527.5,527.5,22.6788
MD02-2588-528.5,528.5,23.9653
MD02-2588-529.5,529.5,22.9528
MD02-2588-530.5,530.5,24.9081
MD02-2588-531.5,531.5,23.1436
MD02-2588-532.5,532.5,23.6943
MD02-2588-533.5,533.5,23.2843
MD02-2588-534.5,534.5,24.9395
MD02-2588-535.5,535.5,25.687
MD02-2588-536.5,536.5,22.2268
MD02-2588-537.5,537.5,24.0061
MD02-2588-538.5,538.5,23.1409
MD02-2588-539.5,539.5,26.2471
MD02-2588-540.5,540.5,22.8704
MD02-2588-541.5,541.5,23.3299
MD02-2588-542.5,542.5,25.3788
MD02-2588-543.5,543.5,22.2365
MD02-2588-544.5,544.5,27.8182
MD02-2588-545.5,545.5,23.5094
MD02-2588-546.5,546.5,23.56
MD02-2588-547.5,547.5,23.8861
MD02-2588-548.5,548.5,25.3117
MD02-2588-549.5,549.5,24.1337
MD02-2588-550.5,550.5,23.2931
MD02-2588-551.5,551.5,23.0419
MD02-2588-552.5,552.5,22.5043
MD02-2588-553.5,553.5,21.5662
MD02-2588-554.5,554.5,22.0387
MD02-2588-555.5,555.5,22.7863
MD02-2588-556.5,556.5,19.9969
MD02-2588-557.5,557.5,22.1615
MD02-2588-558.5,558.5,22.4281
MD02-2588-559.5,559.5,20.7583
MD02-2588-560.5,560.5,21.2486
MD02-2588-561.5,561.5,22.4847
MD02-2588-562.5,562.5,20.9733
MD02-2588-563.5,563.5,21.041
MD02-2588-564.5,564.5,22.1302
MD02-2588-565.5,565.5,23.1522
MD02-2588-566.5,566.5,18.8009
MD02-2588-567.5,567.5,21.8289
MD02-2588-568.5,568.5,21.6946
MD02-2588-569.5,569.5,21.7149
MD02-2588-570.5,570.5,20.971
MD02-2588-571.5,571.5,23.2639
MD02-2588-572.5,572.5,22.5635
MD02-2588-573.5,573.5,22.2167
MD02-2588-574.5,574.5,21.5518
MD02-2588-575.5,575.5,23.9982
MD02-2588-576.5,576.5,23.5559
MD02-2588-577.5,577.5,23.0502
MD02-2588-578.5,578.5,20.6652
MD02-2588-579.5,579.5,23.1754
MD02-2588-580.5,580.5,20.0416
MD02-2588-581.5,581.5,20.5266
MD02-2588-582.5,582.5,21.3333
MD02-2588-583.5,583.5,22.8712
MD02-2588-584.5,584.5,22.6601
MD02-2588-585.5,585.5,19.248
MD02-2588-586.5,586.5,21.6759
MD02-2588-587.5,587.5,21.0138
MD02-2588-588.5,588.5,22.577
MD02-2588-589.5,589.5,18.7629
MD02-2588-590.5,590.5,23.0409
MD02-2588-591.5,591.5,21.737
MD02-2588-592.5,592.5,21.5655
MD02-2588-593.5,593.5,22.3964
MD02-2588-594.5,594.5,22.2093
MD02-2588-595.5,595.5,20.6061
MD02-2588-596.5,596.5,21.4107
MD02-2588-597.5,597.5,20.8127
MD02-2588-598.5,598.5,21.5752
MD02-2588-599.5,599.5,22.8619
MD02-2588-600.5,600.5,21.0314
MD02-2588-601.5,601.5,21.3742
MD02-2588-602.5,602.5,21.2715
MD02-2588-603.5,603.5,20.4708
MD02-2588-604.5,604.5,20.8149
MD02-2588-605.5,605.5,20.7917
MD02-2588-606.5,606.5,19.4795
MD02-2588-607.5,607.5,21.3936
MD02-2588-608.5,608.5,21.5632
MD02-2588-609.5,609.5,20.1729
MD02-2588-610.5,610.5,20.2347
MD02-2588-611.5,611.5,19.9858
MD02-2588-612.5,612.5,20.399
MD02-2588-613.5,613.5,18.6335
MD02-2588-614.5,614.5,19.7668
MD02-2588-615.5,615.5,19.6457
MD02-2588-616.5,616.5,19.2745
MD02-2588-617.5,617.5,20.7579
MD02-2588-618.5,618.5,19.8078
MD02-2588-619.5,619.5,20.0355
MD02-2588-620.5,620.5,20.1349
MD02-2588-621.5,621.5,18.7012
MD02-2588-622.5,622.5,20.8714
MD02-2588-623.5,623.5,20.6387
MD02-2588-624.5,624.5,19.9266
MD02-2588-625.5,625.5,20.5538
MD02-2588-626.5,626.5,20.6796
MD02-2588-627.5,627.5,16.6062
MD02-2588-628.5,628.5,20.3613
MD02-2588-629.5,629.5,20.0674
MD02-2588-630.5,630.5,20.158
MD02-2588-631.5,631.5,20.3815
MD02-2588-632.5,632.5,19.9552
MD02-2588-633.5,633.5,19.5654
MD02-2588-634.5,634.5,20.861
MD02-2588-635.5,635.5,20.6359
MD02-2588-636.5,636.5,20.862
MD02-2588-637.5,637.5,20.7622
MD02-2588-638.5,638.5,21.6546
MD02-2588-639.5,639.5,21.7963
MD02-2588-640.5,640.5,22.3169
MD02-2588-641.5,641.5,21.4007
MD02-2588-642.5,642.5,21.6039
MD02-2588-643.5,643.5,21.8115
MD02-2588-644.5,644.5,21.1717
MD02-2588-645.5,645.5,21.6336
MD02-2588-646.5,646.5,21.9664
MD02-2588-647.5,647.5,21.332
MD02-2588-648.5,648.5,20.5918
MD02-2588-649.5,649.5,20.5507
MD02-2588-650.5,650.5,20.3489
MD02-2588-651.5,651.5,21.2258
MD02-2588-652.5,652.5,22.3955
MD02-2588-653.5,653.5,21.8181
MD02-2588-654.5,654.5,21.0811
MD02-2588-655.5,655.5,20.6594
MD02-2588-656.5,656.5,19.8218
MD02-2588-657.5,657.5,22.2851
MD02-2588-658.5,658.5,23.3259
MD02-2588-659.5,659.5,23.8526
MD02-2588-660.5,660.5,21.0336
MD02-2588-661.5,661.5,20.9958
MD02-2588-662.5,662.5,21.5907
MD02-2588-663.5,663.5,21.8184
MD02-2588-664.5,664.5,22.6052
MD02-2588-665.5,665.5,22.4014
MD02-2588-666.5,666.5,21.885
MD02-2588-667.5,667.5,21.7029
MD02-2588-668.5,668.5,20.9956
MD02-2588-669.5,669.5,20.7529
MD02-2588-670.5,670.5,19.9794
MD02-2588-671.5,671.5,20.5121
MD02-2588-672.5,672.5,20.5409
MD02-2588-673.5,673.5,20.8309
MD02-2588-674.5,674.5,20.9597
MD02-2588-675.5,675.5,21.4573
MD02-2588-676.5,676.5,21.0231
MD02-2588-677.5,677.5,19.9231
MD02-2588-678.5,678.5,21.0132
MD02-2588-679.5,679.5,20.0332
MD02-2588-680.5,680.5,20.8735
MD02-2588-681.5,681.5,19.9163
MD02-2588-682.5,682.5,20.6062
MD02-2588-683.5,683.5,22.1863
MD02-2588-684.5,684.5,21.2284
MD02-2588-685.5,685.5,21.7396
MD02-2588-686.5,686.5,19.8854
MD02-2588-687.5,687.5,21.6222
MD02-2588-688.5,688.5,22.1237
MD02-2588-689.5,689.5,21.2557
MD02-2588-690.5,690.5,22.7303
MD02-2588-691.5,691.5,21.3325
MD02-2588-692.5,692.5,21.8131
MD02-2588-693.5,693.5,21.6513
MD02-2588-694.5,694.5,21.811
MD02-2588-695.5,695.5,19.4198
MD02-2588-696.5,696.5,20.2161
MD02-2588-697.5,697.5,20.5926
MD02-2588-698.5,698.5,20.1336
MD02-2588-699.5,699.5,20.3736
MD02-2588-700.5,700.5,18.8329
MD02-2588-701.5,701.5,20.0162
MD02-2588-702.5,702.5,20.5999
MD02-2588-703.5,703.5,20.8705
MD02-2588-704.5,704.5,21.8862
MD02-2588-705.5,705.5,21.16
MD02-2588-706.5,706.5,21.4614
MD02-2588-706.5,706.5,20.4492
MD02-2588-707.5,707.5,21.6228
MD02-2588-708.5,708.5,21.5622
MD02-2588-709.5,709.5,20.4002
MD02-2588-710.5,710.5,21.2993
MD02-2588-711.5,711.5,21.4266
MD02-2588-712.5,712.5,20.323
MD02-2588-713.5,713.5,20.2978
MD02-2588-714.5,714.5,23.3923
MD02-2588-715.5,715.5,21.3152
MD02-2588-717.5,717.5,20.5173
MD02-2588-718.5,718.5,20.2405
MD02-2588-719.5,719.5,22.7478
MD02-2588-720.5,720.5,22.4154
MD02-2588-721.5,721.5,21.261
MD02-2588-722.5,722.5,22.0205
MD02-2588-723.5,723.5,21.9284
MD02-2588-724.5,724.5,20.8912
MD02-2588-725.5,725.5,21.1926
MD02-2588-726.5,726.5,21.5879
MD02-2588-727.5,727.5,22.2563
MD02-2588-728.5,728.5,21.1826
MD02-2588-729.5,729.5,20.4548
MD02-2588-730.5,730.5,20.2434
MD02-2588-731.5,731.5,21.6046
MD02-2588-732.5,732.5,21.8388
MD02-2588-733.5,733.5,21.1675
MD02-2588-734.5,734.5,22.8546
MD02-2588-735.5,735.5,20.1118
MD02-2588-736.5,736.5,20.1192
MD02-2588-737.5,737.5,20.3221
MD02-2588-738.5,738.5,19.9646
MD02-2588-739.5,739.5,20.2426
MD02-2588-740.5,740.5,22.3758
MD02-2588-741.5,741.5,22.5417
MD02-2588-742.5,742.5,21.6388
MD02-2588-743.5,743.5,20.6945
MD02-2588-744.5,744.5,21.7601
MD02-2588-745.5,745.5,21.2629
MD02-2588-746.5,746.5,21.1226
MD02-2588-747.5,747.5,20.124
MD02-2588-748.5,748.5,20.0368
MD02-2588-749.5,749.5,21.7493
MD02-2588-750.5,750.5,21.048
MD02-2588-751.5,751.5,22.9863
MD02-2588-752.5,752.5,22.3094
MD02-2588-753.5,753.5,23.5859
MD02-2588-754.5,754.5,20.6324
MD02-2588-755.5,755.5,23.3971
MD02-2588-756.5,756.5,21.503
MD02-2588-757.5,757.5,21.7179
MD02-2588-758.5,758.5,20.9331
MD02-2588-759.5,759.5,20.4404
MD02-2588-760.5,760.5,21.9768
MD02-2588-761.5,761.5,20.9863
MD02-2588-762.5,762.5,21.8469
MD02-2588-763.5,763.5,21.0834
MD02-2588-764.5,764.5,20.3926
MD02-2588-765.5,765.5,22.8779
MD02-2588-766.5,766.5,20.7577
MD02-2588-767.5,767.5,21.7092
MD02-2588-768.5,768.5,20.2747
MD02-2588-769.5,769.5,20.1943
MD02-2588-770.5,770.5,20.9156
MD02-2588-771.5,771.5,20.0482
MD02-2588-772.5,772.5,18.5869
MD02-2588-773.5,773.5,20.9639
MD02-2588-774.5,774.5,19.1005
MD02-2588-775.5,775.5,21.9175
MD02-2588-776.5,776.5,15.7361
MD02-2588-777.5,777.5,18.419
MD02-2588-778.5,778.5,19.8609
MD02-2588-779.5,779.5,19.6117
MD02-2588-780.5,780.5,21.5467
MD02-2588-781.5,781.5,19.7284
MD02-2588-782.5,782.5,19.9917
MD02-2588-783.5,783.5,19.07
MD02-2588-784.5,784.5,17.9878
MD02-2588-785.5,785.5,20.4924
MD02-2588-786.5,786.5,20.1209
MD02-2588-787.5,787.5,20.326
MD02-2588-788.5,788.5,20.1953
MD02-2588-789.5,789.5,21.0572
MD02-2588-790.5,790.5,19.8867
MD02-2588-791.5,791.5,20.0337
MD02-2588-792.5,792.5,20.1981
MD02-2588-793.5,793.5,20.1125
MD02-2588-794.5,794.5,20.5018
MD02-2588-795.5,795.5,21.2013
MD02-2588-796.5,796.5,20.9445
MD02-2588-797.5,797.5,20.3128
MD02-2588-798.5,798.5,20.6338
MD02-2588-799.5,799.5,20.8423
MD02-2588-800.5,800.5,20.4659
MD02-2588-801.5,801.5,20.9447
MD02-2588-802.5,802.5,21.4735
MD02-2588-803.5,803.5,21.4803
MD02-2588-804.5,804.5,20.8758
MD02-2588-805.5,805.5,19.4895
MD02-2588-806.5,806.5,20.3944
MD02-2588-807.5,807.5,20.8227
MD02-2588-808.5,808.5,19.858
MD02-2588-809.5,809.5,20.8833
MD02-2588-810.5,810.5,21.5357
MD02-2588-811.5,811.5,20.155
MD02-2588-812.5,812.5,20.7615
MD02-2588-813.5,813.5,20.756
MD02-2588-814.5,814.5,20.1274
MD02-2588-815.5,815.5,19.6104
MD02-2588-816.5,816.5,20.3886
MD02-2588-817.5,817.5,18.998
MD02-2588-818.5,818.5,19.1663
MD02-2588-819.5,819.5,19.9906
MD02-2588-820.5,820.5,18.3618
MD02-2588-821.5,821.5,20.377
MD02-2588-822.5,822.5,20.7035
MD02-2588-823.5,823.5,20.0221
MD02-2588-824.5,824.5,19.6723
MD02-2588-825.5,825.5,19.4335
MD02-2588-826.5,826.5,20.8272
MD02-2588-827.5,827.5,20.5568
MD02-2588-828.5,828.5,20.6167
MD02-2588-829.5,829.5,20.1535
MD02-2588-830.5,830.5,19.41
MD02-2588-831.5,831.5,18.5459
MD02-2588-832.5,832.5,17.4567
MD02-2588-833.5,833.5,20.1036
MD02-2588-834.5,834.5,20.2694
MD02-2588-835.5,835.5,17.9648
MD02-2588-836.5,836.5,20.7472
MD02-2588-837.5,837.5,20.9401
MD02-2588-838.5,838.5,20.7497
MD02-2588-839.5,839.5,21.6422
MD02-2588-840.5,840.5,20.2876
MD02-2588-841.5,841.5,20.414
MD02-2588-842.5,842.5,21.3754
MD02-2588-843.5,843.5,19.6831
MD02-2588-844.5,844.5,22.0625
MD02-2588-845.5,845.5,
MD02-2588-846.5,846.5,20.346
MD02-2588-847.5,847.5,19.4523
MD02-2588-848.5,848.5,19.3802
MD02-2588-849.5,849.5,20.9667
MD02-2588-850.5,850.5,18.4392
MD02-2588-851.5,851.5,21.2486
MD02-2588-852.5,852.5,20.9625
MD02-2588-853.5,853.5,21.3182
MD02-2588-854.5,854.5,20.7187
MD02-2588-855.5,855.5,19.933
MD02-2588-857.5,857.5,21.119
MD02-2588-858.5,858.5,19.8074
MD02-2588-859.5,859.5,19.405
MD02-2588-859.5,859.5,21.0611
MD02-2588-860.5,860.5,21.1852
MD02-2588-861.5,861.5,21.1528
MD02-2588-862.5,862.5,21.0521
MD02-2588-863.5,863.5,19.7154
MD02-2588-864.5,864.5,21.9034
MD02-2588-865.5,865.5,20.9321
MD02-2588-866.5,866.5,20.4651
MD02-2588-867.5,867.5,19.91
MD02-2588-868.5,868.5,20.2653
MD02-2588-869.5,869.5,19.4462
MD02-2588-870.5,870.5,20.0982
MD02-2588-871.5,871.5,19.4881
MD02-2588-872.5,872.5,19.5127
MD02-2588-873.5,873.5,19.9732
MD02-2588-874.5,874.5,21.0954
MD02-2588-875.5,875.5,20.1551
MD02-2588-876.5,876.5,19.9897
MD02-2588-877.5,877.5,20.384
MD02-2588-878.5,878.5,20.8365
MD02-2588-879.5,879.5,21.0785
MD02-2588-880.5,880.5,19.579
MD02-2588-881.5,881.5,21.3022
MD02-2588-882.5,882.5,20.9474
MD02-2588-883.5,883.5,20.6111
MD02-2588-884.5,884.5,21.0262
MD02-2588-885.5,885.5,19.863
MD02-2588-886.5,886.5,21.1841
MD02-2588-887.5,887.5,20.2941
MD02-2588-888.5,888.5,19.1992
MD02-2588-889.5,889.5,20.4766
MD02-2588-890.5,890.5,20.202
MD02-2588-891.5,891.5,20.2905
MD02-2588-892.5,892.5,21.0037
MD02-2588-893.5,893.5,20.0138
MD02-2588-894.5,894.5,20.3539
MD02-2588-895.5,895.5,19.966
MD02-2588-896.5,896.5,20.5856
MD02-2588-897.5,897.5,21.1374
MD02-2588-898.5,898.5,19.9475
MD02-2588-899.5,899.5,19.8966
MD02-2588-900.5,900.5,22.2677
MD02-2588-901.5,901.5,19.8408
MD02-2588-902.5,902.5,20.7092
MD02-2588-903.5,903.5,20.3312
MD02-2588-904.5,904.5,20.0936
MD02-2588-905.5,905.5,20.2436
MD02-2588-906.5,906.5,19.7926
MD02-2588-907.5,907.5,20.5287
MD02-2588-908.5,908.5,21.2222
MD02-2588-909.5,909.5,21.4828
MD02-2588-910.5,910.5,20.1508
MD02-2588-911.5,911.5,20.7083
MD02-2588-912.5,912.5,20.8112
MD02-2588-913.5,913.5,20.607
MD02-2588-914.5,914.5,19.264
MD02-2588-915.5,915.5,17.356
MD02-2588-916.5,916.5,17.9104
MD02-2588-917.5,917.5,19.2827
MD02-2588-918.5,918.5,20.9571
MD02-2588-919.5,919.5,18.522
MD02-2588-920.5,920.5,17.8593
MD02-2588-921.5,921.5,20.8189
MD02-2588-922.5,922.5,21.4308
MD02-2588-923.5,923.5,21.5467
MD02-2588-924.5,924.5,21.7926
MD02-2588-925.5,925.5,22.2272
MD02-2588-926.5,926.5,21.86
MD02-2588-927.5,927.5,20.9363
MD02-2588-928.5,928.5,20.7866
MD02-2588-929.5,929.5,20.4443
MD02-2588-930.5,930.5,15.8435
MD02-2588-931.5,931.5,19.8322
MD02-2588-932.5,932.5,20.3956
MD02-2588-933.5,933.5,21.0099
MD02-2588-934.5,934.5,20.7901
MD02-2588-935.5,935.5,20.6002
MD02-2588-936.5,936.5,21.7009
MD02-2588-937.5,937.5,20.6715
MD02-2588-938.5,938.5,20.8312
MD02-2588-939.5,939.5,20.8406
MD02-2588-940.5,940.5,20.3017
MD02-2588-941.5,941.5,21.1101
MD02-2588-942.5,942.5,20.8896
MD02-2588-943.5,943.5,21.4395
MD02-2588-944.5,944.5,21.3448
MD02-2588-945.5,945.5,20.2458
MD02-2588-946.5,946.5,23.05
MD02-2588-947.5,947.5,21.3545
MD02-2588-948.5,948.5,21.1242
MD02-2588-949.5,949.5,22.247
MD02-2588-950.5,950.5,20.2947
MD02-2588-951.5,951.5,21.8857
MD02-2588-952.5,952.5,21.6396
MD02-2588-953.5,953.5,21.6178
MD02-2588-954.5,954.5,20.7449
MD02-2588-955.5,955.5,21.0801
MD02-2588-956.5,956.5,22.0293
MD02-2588-957.5,957.5,20.8642
MD02-2588-958.5,958.5,21.87
MD02-2588-959.5,959.5,21.6109
MD02-2588-960.5,960.5,21.9816
MD02-2588-961.5,961.5,21.3464
MD02-2588-962.5,962.5,23.3916
MD02-2588-963.5,963.5,21.2702
MD02-2588-964.5,964.5,21.3632
MD02-2588-965.5,965.5,20.8861
MD02-2588-966.5,966.5,21.7088
MD02-2588-967.5,967.5,21.869
MD02-2588-968.5,968.5,21.2514
MD02-2588-969.5,969.5,21.5801
MD02-2588-970.5,970.5,21.0553
MD02-2588-971.5,971.5,20.3754
MD02-2588-972.5,972.5,19.5666
MD02-2588-973.5,973.5,20.9474
MD02-2588-974.5,974.5,20.2826
MD02-2588-975.5,975.5,20.34
MD02-2588-976.5,976.5,19.8016
MD02-2588-977.5,977.5,20.0956
MD02-2588-978.5,978.5,19.5369
MD02-2588-979.5,979.5,21.3388
MD02-2588-980.5,980.5,21.9047
MD02-2588-981.5,981.5,20.0069
MD02-2588-982.5,982.5,20.1606
MD02-2588-983.5,983.5,19.7525
MD02-2588-984.5,984.5,20.5785
MD02-2588-985.5,985.5,19.5403
MD02-2588-986.5,986.5,19.9043
MD02-2588-987.5,987.5,19.7928
MD02-2588-988.5,988.5,20.1094
MD02-2588-989.5,989.5,19.5378
MD02-2588-990.5,990.5,19.0389
MD02-2588-991.5,991.5,19.596
MD02-2588-992.5,992.5,20.223
MD02-2588-993.5,993.5,19.6586
MD02-2588-994.5,994.5,20.5421
MD02-2588-995.5,995.5,19.3165
MD02-2588-996.5,996.5,20.1694
MD02-2588-997.5,997.5,20.1863
MD02-2588-998.5,998.5,19.9563
MD02-2588-999.5,999.5,19.6624
MD02-2588-1000.5,1000.5,21.1659
MD02-2588-1001.5,1001.5,19.5757
MD02-2588-1002.5,1002.5,19.8837
MD02-2588-1003.5,1003.5,18.9419
MD02-2588-1004.5,1004.5,18.7518
MD02-2588-1005.5,1005.5,19.4737
MD02-2588-1006.5,1006.5,18.19
MD02-2588-1007.5,1007.5,19.3201
MD02-2588-1008.5,1008.5,18.9059
MD02-2588-1009.5,1009.5,18.645
MD02-2588-1010.5,1010.5,19.6153
MD02-2588-1011.5,1011.5,18.6371
MD02-2588-1012.5,1012.5,18.4675
MD02-2588-1013.5,1013.5,18.546
MD02-2588-1014.5,1014.5,19.055
MD02-2588-1015.5,1015.5,18.7444
MD02-2588-1016.5,1016.5,18.6008
MD02-2588-1017.5,1017.5,19.4142
MD02-2588-1018.5,1018.5,19.88
MD02-2588-1019.5,1019.5,18.6603
MD02-2588-1020.5,1020.5,
MD02-2588-1021.5,1021.5,19.4575
MD02-2588-1022.5,1022.5,20.9458
,1023.5,19.8859
,1024.5,19.8127
,1025.5,20.0493
,1026.5,20.6324
,1027.5,20.0515
,1028.5,
,1029.5,
,1030.5,
,1031.5,
,1032.5,
,1033.5,
,1034.5,
,1035.5,
,1036.5,
,1037.5,
,1038.5,
,1039.5,
,1040.5,
,1041.5,
,1042.5,
,1043.5,
,1044.5,
,1045.5,
,1046.5,
,1047.5,
,1048.5,
,1049.5,
,1050.5,
,1051.5,
,1052.5,
,1053.5,
,1054.5,
,1055.5,
,1056.5,
,1057.5,
,1058.5,
,1059.5,
,1060.5,
,1061.5,
,1062.5,
,1063.5,
,1064.5,
,1065.5,
,1066.5,
,1067.5,
,1068.5,
,1069.5,
,1070.5,