Sample ID,Mid depth CCSF-361-U1475-BCDEF-20160305 (m),SS mean,SS Std
"361-U1475C-1H-6, 70-72",8.362,22.72,0.113137085
"361-U1475C-1H-6, 74-76",8.402,23.02,0.098994949
"361-U1475C-1H-6, 79-81",8.442,23.16,0.141421356
"361-U1475C-1H-6, 83-85",8.482,24.29333333,0.229419557
"361-U1475C-1H-6, 87-89",8.522,23.53,0.014142136
"361-U1475C-1H-6, 90-92",8.562,23.25,0.098994949
"361-U1475C-1H-6, 94-96",8.602,22.255,0.148492424
"361-U1475C-1H-6, 98-100",8.642,22.51,0.042426407
"361-U1475C-1H-6, 102-104",8.682,22.84,0.070710678
"361-U1475C-1H-6, 106-108",8.722,22.505,0.134350288
"361-U1475C-1H-6, 110-112",8.762,21.97,0.141421356
"361-U1475C-1H-6, 114-116",8.802,21.56,0.337786915
"361-U1475C-1H-6, 118-120",8.842,21.47333333,0.183393929
"361-U1475C-1H-6, 122-124",8.882,20.6,0.278747197
"361-U1475C-1H-6, 126-128",8.922,21.03333333,0.185831465
"361-U1475C-1H-6, 130-132",8.962,20.505,0.134350288
"361-U1475E-2H-2, 45-47",8.998,20.81,0.028284271
"361-U1475E-2H-2, 49-51",9.038,20.205,0.106066017
"361-U1475E-2H-2, 53-55",9.078,20.495,0.021213203
"361-U1475E-2H-2, 57-59",9.118,20.51,0.070710678
"361-U1475E-2H-2, 61-63",9.158,21.81,0.098994949
"361-U1475E-2H-2, 65-67",9.198,22.23,0.028284271
"361-U1475E-2H-2, 69-71",9.238,21.29,0.141421356
"361-U1475E-2H-2, 73-75",9.278,22.52,0.070710678
"361-U1475E-2H-2, 77-79",9.318,25.295,0.318198052
"361-U1475E-2H-2, 81-83",9.358,25.7,0.028284271
"361-U1475E-2H-2, 85-87",9.398,26.795,0.007071068
"361-U1475E-2H-2, 89-91",9.438,25.02,0.268700577
"361-U1475E-2H-2, 93-95",9.478,24.45,0.141421356
"361-U1475E-2H-2, 97-99",9.518,24.305,0.148492424
"361-U1475E-2H-2, 101-103",9.558,23.645,0.035355339
"361-U1475E-2H-2, 105-107",9.598,23.12333333,0.188237439
"361-U1475E-2H-2, 109-111",9.638,23.42,0.155563492
"361-U1475E-2H-2, 113-115",9.678,23.09,0.183847763
"361-U1475E-2H-2, 117-119",9.718,22.295,0.219203102
"361-U1475E-2H-2, 121-123",9.758,21.82,0.141421356
"361-U1475E-2H-2, 125-127",9.798,22.895,0.035355339
"361-U1475E-2H-2, 129-131",9.838,22.30666667,0.22898326
"361-U1475E-2H-2, 133-135",9.878,23.3,0.014142136
"361-U1475E-2H-2, 137-139",9.918,23.605,0.205060967
"361-U1475E-2H-2, 141-143",9.958,23.235,0.049497475
"361-U1475E-2H-2, 145-147",9.998,23.7,0.056568542
"361-U1475E-2H-3, 0-2",10.048,23.46,0.113137085
"361-U1475E-2H-3, 4-6",10.088,21.23,0.375099987
"361-U1475E-2H-3, 8-10",10.128,24.905,0.06363961
"361-U1475E-2H-3, 12-14",10.168,23.58,0.141421356
"361-U1475E-2H-3, 16-18",10.208,24.23,0.245560583
"361-U1475E-2H-3, 20-22",10.248,23.895,0.077781746
"361-U1475E-2H-3, 24-26",10.288,22.975,0.148492424
"361-U1475E-2H-3, 28-30",10.328,21.865,0.106066017
"361-U1475E-2H-3, 32-34",10.368,22.75666667,0.205507502
"361-U1475E-2H-3, 36-38",10.408,24.675,0.091923882
"361-U1475E-2H-3, 40-42",10.448,22.385,0.134350288
"361-U1475E-2H-3, 44-46",10.488,22.155,0.120208153
"361-U1475E-2H-3, 48-50",10.528,22.83,0.281602557
"361-U1475E-2H-3, 52-54",10.568,23.055,0.148492424
"361-U1475E-2H-3, 56-58",10.608,21.96,0.014142136
"361-U1475E-2H-3, 60-62",10.648,21.41333333,0.175023808
"361-U1475E-2H-3, 64-66",10.688,22.53,0.084852814
"361-U1475E-2H-3, 68-70",10.728,23.105,0.049497475
"361-U1475E-2H-3, 72-74",10.768,24.845,0.077781746
"361-U1475E-2H-3, 76-78",10.808,24.95,0.056568542
"361-U1475E-2H-3, 80-82",10.848,23.765,0.091923882
"361-U1475E-2H-3, 84-86",10.888,23.425,0.049497475
"361-U1475E-2H-3, 88-90",10.928,23.485,0.049497475
"361-U1475E-2H-3, 92-94",10.968,24.005,0.06363961
"361-U1475E-2H-3, 96-98",11.008,24.055,0.148492424
"361-U1475E-2H-3, 100-102",11.048,22.435,0.021213203
"361-U1475E-2H-3, 104-106",11.088,22.67,0.084852814
"361-U1475E-2H-3, 108-110",11.128,23.6,0.127279221
"361-U1475E-2H-3, 112-114",11.168,23.23,0.261533937
"361-U1475E-2H-3, 116-118",11.208,24.28,0
"361-U1475E-2H-3, 120-122",11.248,23.15,0.078102497
"361-U1475E-2H-3, 124-126",11.288,22.455,0.049497475
"361-U1475E-2H-3, 128-130",11.328,22.9,0
"361-U1475E-2H-3, 132-134",11.368,22.395,0.049497475
"361-U1475E-2H-3, 136-138",11.408,21.615,0.106066017
"361-U1475E-2H-3, 140-142",11.448,21.16333333,0.205507502
"361-U1475E-2H-3, 144-146",11.488,20.435,0.106066017
"361-U1475E-2H-3, 148-150",11.528,22.125,0.106066017
"361-U1475E-2H-4, 2-4",11.568,20.635,0.007071068
"361-U1475E-2H-4, 6-8",11.608,20.835,0.021213203
"361-U1475E-2H-4, 10-12",11.648,21.48,0.23430749
"361-U1475E-2H-4, 14-16",11.688,19.615,0.091923882
"361-U1475E-2H-4, 18-20",11.728,19.85,0.028284271
"361-U1475E-2H-4, 22-24",11.768,20.645,0.035355339
"361-U1475E-2H-4, 26-28",11.808,20.46,0.141421356
"361-U1475E-2H-4, 30-32",11.848,20.816,0.204909736
"361-U1475E-2H-4, 34-36",11.888,20.67,0.169705627
"361-U1475E-2H-4, 38-40",11.928,20.315,0.007071068
"361-U1475E-2H-4, 42-44",11.968,20.635,0.077781746
"361-U1475E-2H-4, 46-48",12.008,20.195,0.120208153
"361-U1475E-2H-4, 50-52",12.048,20.895,0.091923882
"361-U1475E-2H-4, 54-56",12.088,21.575,0.035355339
"361-U1475E-2H-4, 58-60",12.128,21.92,0.070710678
"361-U1475E-2H-4, 62-64",12.168,21.29,0.084852814
"361-U1475E-2H-4, 66-68",12.208,23.66,0.113137085
"361-U1475E-2H-4, 70-72",12.248,20.955,0.077781746
"361-U1475E-2H-4, 74-76",12.288,20.04,0.070710678
"361-U1475E-2H-4, 78-80",12.328,20.93333333,0.135769412
"361-U1475E-2H-4, 82-84",12.368,21.24,0.258650343
"361-U1475E-2H-4, 86-88",12.408,19.9,0.141421356
"361-U1475E-2H-4, 90-92",12.448,20.005,0.077781746
"361-U1475E-2H-4, 94-96",12.488,21.12,0.056568542
"361-U1475E-2H-4, 98-100",12.528,21.14,0.098994949
"361-U1475E-2H-4, 102-104",12.568,20.53,0.285131549
"361-U1475E-2H-4, 106-108",12.608,20.31,0.028284271
"361-U1475E-2H-4, 110-112",12.648,20.055,0.021213203
"361-U1475E-2H-4, 114-116",12.688,20.42,0.070710678
"361-U1475E-2H-4, 118-120",12.728,21.83,0.251197134
"361-U1475E-2H-4, 122-124",12.768,20.78,0
"361-U1475E-2H-4, 126-128",12.808,20.21,0.181934054
"361-U1475E-2H-4, 130-132",12.848,19.595,0.049497475
"361-U1475E-2H-4, 134-136",12.888,20.805,0.06363961
"361-U1475E-2H-4, 138-140",12.928,20.175,0.077781746
"361-U1475E-2H-4, 142-144",12.968,20.565,0.035355339
"361-U1475E-2H-4, 146-148",13.008,21.345,0.06363961
"361-U1475E-2H-5, 0-2",13.048,21.27,0.141421356
"361-U1475E-2H-5, 4-6",13.088,20.79,0.084852814
"361-U1475E-2H-5, 8-10",13.128,20.295,0.120208153
"361-U1475E-2H-5, 12-14",13.168,20.41,0.165227116
"361-U1475E-2H-5, 16-18",13.208,20.745,0.134350288
"361-U1475C-2H-3, 58-60",13.253,20.88,0.042426407
"361-U1475C-2H-3, 62-64",13.293,19.965,0.176776695
"361-U1475C-2H-3, 66-68",13.333,20.475,0.120208153
"361-U1475C-2H-3, 70-72",13.373,19.49,0.113137085
"361-U1475C-2H-3, 74-76",13.413,19.96,0.028284271
"361-U1475C-2H-3, 78-80",13.453,20.515,0.120208153
"361-U1475C-2H-3, 82-84",13.493,19.615,0.035355339
"361-U1475C-2H-3, 86-88",13.533,19.765,0.148492424
"361-U1475C-2H-3, 90-92",13.573,20.2,0.197989899
"361-U1475C-2H-3, 94-96",13.613,20.645,0.049497475
"361-U1475C-2H-3, 98-100",13.653,21.25666667,0.345880519
"361-U1475C-2H-3, 102-104",13.693,23.65,0
"361-U1475C-2H-3, 106-108",13.733,23.16,0.127279221
"361-U1475C-2H-3, 110-112",13.773,24.64333333,0.16563011
"361-U1475C-2H-3, 114-116",13.813,24.185,0.148492424
"361-U1475C-2H-3, 118-120",13.853,24.74,0.283548938
"361-U1475C-2H-3, 122-124",13.893,25.37,0.014142136
"361-U1475C-2H-3, 126-128",13.933,25.48,0.169705627
"361-U1475C-2H-3, 130-132",13.973,25.655,0.134350288
"361-U1475C-2H-3, 134-136",14.013,25.83666667,0.246644143
"361-U1475C-2H-3, 138-140",14.053,25.505,0.06363961
"361-U1475C-2H-3, 142-144",14.093,25.565,0.106066017
"361-U1475C-2H-3, 146-148",14.133,24.23,0.113137085
"361-U1475C-2H-4, 0-2",14.173,27.73,0.070710678
"361-U1475C-2H-4, 4-6",14.213,25.29,0.127279221
"361-U1475C-2H-4, 8-10",14.253,22.605,0.007071068
"361-U1475C-2H-4, 12-14",14.293,24.655,0.049497475
"361-U1475C-2H-4, 16-18",14.333,23.34,0.014142136
"361-U1475C-2H-4, 20-22",14.373,23.785,0.06363961
"361-U1475C-2H-4, 24-26",14.413,22.595,0.134350288
"361-U1475C-2H-4, 28-30",14.453,25.08333333,0.234591844
"361-U1475C-2H-4, 32-34",14.493,24.85,0.127279221
"361-U1475C-2H-4, 36-38",14.533,24.12,0.141421356
"361-U1475C-2H-4, 40-42",14.573,23.69,0.155563492
"361-U1475C-2H-4, 44-46",14.613,24.31,0.169705627
"361-U1475C-2H-4, 48-50",14.653,24.84,0.070710678
"361-U1475C-2H-4, 52-54",14.693,24.825,0.120208153
"361-U1475C-2H-4, 56-58",14.733,26.88,0.028284271
"361-U1475C-2H-4, 60-62",14.773,24.725,0.06363961
"361-U1475C-2H-4, 64-66",14.813,26.555,0.134350288
"361-U1475C-2H-4, 68-70",14.853,23.465,0.148492424
"361-U1475C-2H-4, 72-74",14.893,25.605,0.007071068
"361-U1475C-2H-4, 76-78",14.933,24.99,0.056568542
"361-U1475C-2H-4, 80-82",14.973,25.7,0.155563492
"361-U1475C-2H-4, 84-86",15.013,22.84,0.056568542
"361-U1475C-2H-4, 88-90",15.053,22.31,0.223383079
"361-U1475C-2H-4, 92-94",15.093,24.05,0.141421356
"361-U1475C-2H-4, 96-98",15.133,23.335,0.106066017
"361-U1475C-2H-4, 100-102",15.173,24.185,0.176776695
"361-U1475C-2H-4, 104-106",15.213,21.97666667,0.115902258
"361-U1475C-2H-4, 108-110",15.253,20.595,0.06363961
"361-U1475C-2H-4, 112-114",15.293,23.845,0.06363961
"361-U1475C-2H-4, 116-118",15.333,23.355,0.06363961
"361-U1475C-2H-4, 120-122",15.373,24.145,0.120208153
"361-U1475C-2H-4, 124-126",15.413,20.115,0.120208153
"361-U1475C-2H-4, 128-130",15.453,20.745,0.16263456
"361-U1475C-2H-4, 132-134",15.493,24.0725,0.098784277
"361-U1475C-2H-4, 136-138",15.533,24.12,0.113137085
"361-U1475C-2H-4, 140-142",15.573,22.1,0.014142136
"361-U1475C-2H-4, 144-146",15.613,22.35,0.028284271
"361-U1475C-2H-4, 148-150",15.653,21.1,0.042426407
"361-U1475C-2H-5, 2-4",15.693,21.69,0.028284271
"361-U1475C-2H-5, 6-8",15.733,21.94,0.113137085
"361-U1475C-2H-5, 10-12",15.773,21.34,0.028284271
"361-U1475C-2H-5, 14-16",15.813,21.66,0.014142136
"361-U1475C-2H-5, 18-20",15.853,21.76,0.028284271
"361-U1475C-2H-5, 22-24",15.893,22.69666667,0.185562209
"361-U1475C-2H-5, 26-28",15.933,22.945,0.007071068
"361-U1475C-2H-5, 30-32",15.973,21.41,0.028284271
"361-U1475C-2H-5, 34-36",16.013,23.625,0.106066017
"361-U1475C-2H-5, 38-40",16.053,22.92,0.098994949
"361-U1475C-2H-5, 42-44",16.093,24.815,0.06363961
"361-U1475C-2H-5, 46-48",16.133,24.98,0.070710678
"361-U1475C-2H-5, 50-52",16.173,24.12,0
"361-U1475C-2H-5, 54-56",16.213,22.815,0.049497475
"361-U1475C-2H-5, 58-60",16.253,23.32,0.084852814
"361-U1475C-2H-5, 62-64",16.293,22.95,0.183847763
"361-U1475C-2H-5, 66-68",16.333,22.005,0.233345238
"361-U1475C-2H-5, 70-72",16.373,22.72,0.028284271
"361-U1475C-2H-5, 74-76",16.413,22.5,0.169705627
"361-U1475C-2H-5, 78-80",16.453,22.855,0.120208153
"361-U1475C-2H-5, 82-84",16.493,22.755,0.190918831
"361-U1475C-2H-5, 86-88",16.533,23.535,0.148492424
"361-U1475C-2H-5, 90-92",16.573,25.18,0.155241747
"361-U1475C-2H-5, 94-96",16.613,24.545,0.205060967
"361-U1475C-2H-5, 98-100",16.653,26.08,0.127279221
"361-U1475C-2H-5, 102-104",16.693,26.89,0.127279221
"361-U1475C-2H-5, 106-108",16.733,25.705,0.176776695
"361-U1475C-2H-5, 110-112",16.773,26.475,0.06363961
"361-U1475C-2H-5, 114-116",16.813,25.425,0.148492424
"361-U1475C-2H-5, 118-120",16.853,24.03,0.042426407
"361-U1475C-2H-5, 122-124",16.893,26.26,0.070710678
"361-U1475C-2H-5, 126-128",16.933,26.885,0.007071068
"361-U1475C-2H-5, 130-132",16.973,23.82,0.056568542
"361-U1475C-2H-5, 134-136",17.013,27.305,0.176776695
"361-U1475C-2H-5, 138-140",17.053,27.88,0.212132034
"361-U1475C-2H-5, 142-144",17.093,27.44,0.014142136
"361-U1475C-2H-5, 146-148",17.133,29.13333333,0.289367126
"361-U1475C-2H-6, 0-2",17.173,25.91,0.334514574
"361-U1475C-2H-6, 4-6",17.213,24.75,0.028284271
"361-U1475C-2H-6, 8-10",17.253,24.295,0.007071068
"361-U1475C-2H-6, 12-14",17.293,25.355,0.06363961
"361-U1475C-2H-6, 16-18",17.333,25.4,0.014142136
"361-U1475C-2H-6, 20-22",17.373,23.39,0.028284271
"361-U1475C-2H-6, 24-26",17.413,24.025,0.134350288
"361-U1475C-2H-6, 28-30",17.453,22.94,0.141421356
"361-U1475C-2H-6, 32-34",17.493,23.005,0.233345238
"361-U1475C-2H-6, 36-38",17.533,23.395,0.077781746
"361-U1475C-2H-6, 40-42",17.573,25.92,0.197989899
"361-U1475C-2H-6, 44-46",17.613,26.66,0.042426407
"361-U1475C-2H-6, 48-50",17.653,26.28,0.028284271
"361-U1475C-2H-6, 52-54",17.693,25.78,0.098994949
"361-U1475C-2H-6, 56-58",17.733,27.355,0.134350288
"361-U1475C-2H-6, 60-62",17.773,27.665,0.205060967
"361-U1475C-2H-6, 64-66",17.813,27.865,0.205060967
"361-U1475E-3H-1, 140-142",17.859,25.275,0.007071068
"361-U1475E-3H-1, 144-146",17.899,24.475,0.205060967
"361-U1475E-3H-2, 2-4",17.979,24.18,0.028284271
"361-U1475E-3H-2, 6-8",18.019,24.685,0.205060967
"361-U1475E-3H-2, 10-12",18.059,23.62,0.113137085
"361-U1475E-3H-2, 14-16",18.099,23.875,0.021213203
"361-U1475E-3H-2, 18-20",18.139,23.96,0.028284271
"361-U1475E-3H-2, 22-24",18.179,21.02,0.113137085
"361-U1475E-3H-2, 26-28",18.219,22.71,0.141421356
"361-U1475E-3H-2, 30-32",18.259,23.795,0.049497475
"361-U1475E-3H-2, 34-36",18.299,23.215,0.120208153
"361-U1475E-3H-2, 38-40",18.339,23.425,0.16263456
"361-U1475E-3H-2, 42-44",18.379,24.69,0.255147016
"361-U1475E-3H-2, 46-48",18.419,23.575,0.148492424
"361-U1475E-3H-2, 50-52",18.459,25.06,0.155563492
"361-U1475E-3H-2, 54-56",18.499,23.61,0.183847763
"361-U1475E-3H-2, 58-60",18.539,23.11,0.183847763
"361-U1475E-3H-2, 62-64",18.579,23.965,0.205060967
"361-U1475E-3H-2, 66-68",18.619,24.655,0.134350288
"361-U1475E-3H-2, 70-72",18.659,23.595,0.035355339
"361-U1475E-3H-2, 74-76",18.699,25.46,0.183847763
"361-U1475E-3H-2, 78-80",18.739,24.77,0.056568542
"361-U1475E-3H-2, 82-84",18.779,25.18,0.155563492
"361-U1475E-3H-2, 86-88",18.819,24.525,0.049497475
"361-U1475E-3H-2, 90-92",18.859,24.405,0.021213203
"361-U1475E-3H-2, 94-96",18.899,27.59,0.141421356
"361-U1475E-3H-2, 98-100",18.939,24.83,0.028284271
"361-U1475E-3H-2, 102-104",18.979,28.595,0.035355339
"361-U1475E-3H-2, 106-108",19.019,25.8,0.127279221
"361-U1475E-3H-2, 110-112",19.059,26.105,0.219203102
"361-U1475E-3H-2, 114-116",19.099,28.125,0.16263456
"361-U1475E-3H-2, 118-120",19.139,26.855,0.021213203
"361-U1475E-3H-2, 122-124",19.179,25.4,0.127279221
"361-U1475E-3H-2, 126-128",19.219,26.165,0.176776695
"361-U1475E-3H-2, 130-132",19.259,24.05,0.042426407
"361-U1475E-3H-2, 134-136",19.299,22.17,0.098994949
"361-U1475E-3H-2, 138-140",19.339,23.02333333,0.369639464
"361-U1475E-3H-2, 142-144",19.379,25.385,0.06363961
"361-U1475E-3H-2, 146-148",19.419,23.5,0.212132034
"361-U1475E-3H-3, 4-6",19.499,22.735,0.007071068
"361-U1475E-3H-3, 8-10",19.539,22.92,0.169705627
"361-U1475E-3H-3, 12-14",19.579,21.475,0.190918831
"361-U1475E-3H-3, 16-18",19.619,23.035,0.16263456
"361-U1475E-3H-3, 20-22",19.659,23.615,0.049497475
"361-U1475E-3H-3, 24-26",19.699,23,0.028284271
"361-U1475E-3H-3, 28-30",19.739,23.325,0.190918831
"361-U1475E-3H-3, 32-34",19.779,22.785,0.035355339
"361-U1475E-3H-3, 36-38",19.819,24.89,0.056568542
"361-U1475E-3H-3, 40-42",19.859,23.74,0.113137085
"361-U1475E-3H-3, 44-46",19.899,24.645,0.134350288
"361-U1475E-3H-3, 48-50",19.939,22.795,0.233345238
"361-U1475E-3H-3, 52-54",19.979,23.77,0.20808652
"361-U1475E-3H-3, 56-58",20.019,24.99,0.169705627
"361-U1475E-3H-3, 60-62",20.059,26.565,0.06363961
"361-U1475E-3H-3, 64-66",20.099,24.6,0.084852814
"361-U1475E-3H-3, 68-70",20.139,26.56,0.014142136
"361-U1475E-3H-3, 72-74",20.179,26.39,0
"361-U1475E-3H-3, 76-78",20.219,23.3,0.098994949
"361-U1475E-3H-3, 80-82",20.259,27.815,0.16263456
"361-U1475E-3H-3, 84-86",20.299,25.405,0.091923882
"361-U1475E-3H-3, 88-90",20.339,25.76,0.042426407
"361-U1475E-3H-3, 92-94",20.379,25.975,0.148492424
"361-U1475E-3H-3, 96-98",20.419,25.91,0.028284271
"361-U1475E-3H-3, 100-102",20.459,26.28,0.028284271
"361-U1475E-3H-3, 104-106",20.499,26.065,0.205060967
"361-U1475E-3H-3, 108-110",20.539,24.53,0.259422435
"361-U1475E-3H-3, 112-114",20.579,23.46,0.268514432
"361-U1475E-3H-3, 116-118",20.619,25.63666667,0.191398363
"361-U1475E-3H-3, 120-122",20.659,21.77,0.042426407
"361-U1475E-3H-3, 124-126",20.699,23.24,0.042426407
"361-U1475E-3H-3, 128-130",20.739,22.795,0.06363961
"361-U1475E-3H-3, 132-134",20.779,22.22,0.155563492
"361-U1475E-3H-3, 136-138",20.819,22.09333333,0.284312035
"361-U1475E-3H-3, 140-142",20.859,22.205,0.06363961
"361-U1475E-3H-3, 144-146",20.899,21.905,0.120208153
"361-U1475E-3H-3, 148-150",20.939,23.075,0.035355339
"361-U1475E-3H-4, 2-4",20.979,21.615,0.190918831
"361-U1475E-3H-4, 6-8",21.019,22.84,0.056568542
"361-U1475E-3H-4, 10-12",21.059,22.635,0.106066017
"361-U1475E-3H-4, 14-16",21.099,24.53,0.084852814
"361-U1475E-3H-4, 18-20",21.139,24.13666667,0.280059517
"361-U1475E-3H-4, 22-24",21.179,23.105,0.035355339
"361-U1475E-3H-4, 26-28",21.219,23.64,0.014142136
"361-U1475E-3H-4, 30-32",21.259,23.795,0.035355339
"361-U1475E-3H-4, 34-36",21.299,24.64,0.169705627
"361-U1475E-3H-4, 38-40",21.339,23.7,0.19078784
"361-U1475E-3H-4, 42-44",21.379,22.845,0.134350288
"361-U1475E-3H-4, 46-48",21.419,23.655,0.091923882
"361-U1475E-3H-4, 50-52",21.459,23.395,0.077781746
"361-U1475E-3H-4, 54-56",21.499,24.6,0.127279221
"361-U1475E-3H-4, 58-60",21.539,24.1,0.127279221
"361-U1475E-3H-4, 62-64",21.579,24.41,0.315119025
"361-U1475E-3H-4, 66-68",21.619,26.71,0.098994949
"361-U1475E-3H-4, 70-72",21.659,23.92,0.242693222
"361-U1475E-3H-4, 74-76",21.699,24.525,0.091923882
"361-U1475E-3H-4, 78-80",21.739,27.325,0.120208153
"361-U1475E-3H-4, 82-84",21.779,24.71,0.084852814
"361-U1475E-3H-4, 86-88",21.819,22.31666667,0.271538825
"361-U1475E-3H-4, 90-92",21.859,24.425,0.233345238
"361-U1475E-3H-4, 94-96",21.899,24.47,0.070710678
"361-U1475E-3H-4, 98-100",21.939,23.335,0.190918831
"361-U1475E-3H-4, 102-104",21.979,23.98,0.098994949
"361-U1475E-3H-4, 106-108",22.019,23.625,0.035355339
"361-U1475E-3H-4, 110-112",22.059,24.055,0.16263456
"361-U1475E-3H-4, 114-116",22.099,22.82,0.056568542
"361-U1475E-3H-4, 118-120",22.139,22.945,0.091923882
"361-U1475E-3H-4, 122-124",22.179,24.37,0.169705627
"361-U1475E-3H-4, 126-128",22.219,23.475,0.205060967
"361-U1475E-3H-4, 130-132",22.259,23.905,0.049497475
"361-U1475E-3H-4, 134-136",22.299,24.68,0.141421356
"361-U1475E-3H-4, 138-140",22.339,25.64666667,0.221885857
"361-U1475E-3H-4, 142-144",22.379,27.06333333,0.315647483
"361-U1475E-3H-4, 146-148",22.419,25.35333333,0.288675135
"361-U1475E-3H-5, 0-2",22.459,24.99,0.216564078
"361-U1475E-3H-5, 4-6",22.499,24.54,0.014142136
"361-U1475E-3H-5, 8-10",22.539,24.385,0.021213203
"361-U1475E-3H-5, 12-14",22.579,23.93,0.197989899
"361-U1475E-3H-5, 16-18",22.619,23.52,0.042426407
"361-U1475E-3H-5, 20-22",22.659,25.15,0.070710678
"361-U1475E-3H-5, 24-26",22.699,23.315,0.176776695
"361-U1475E-3H-5, 28-30",22.739,23.465,0.021213203
"361-U1475E-3H-5, 32-34",22.779,24.135,0.106066017
"361-U1475E-3H-5, 36-38",22.819,22.51,0.113137085
"361-U1475E-3H-5, 40-42",22.859,24.2,0.042426407
"361-U1475E-3H-5, 44-46",22.899,22.21,0.042426407
"361-U1475E-3H-5, 48-50",22.939,21.985,0.007071068
"361-U1475E-3H-5, 52-54",22.979,23.53,0.056568542
"361-U1475E-3H-5, 56-58",23.019,23.10666667,0.182300119
"361-U1475E-3H-5, 60-62",23.059,22.945,0.16263456
"361-U1475E-3H-5, 64-66",23.099,24.805,0.120208153
"361-U1475E-3H-5, 68-70",23.139,22.045,0.190918831
"361-U1475E-3H-5, 72-74",23.179,22.25,0.084852814
"361-U1475E-3H-5, 76-78",23.219,21.055,0.021213203
"361-U1475E-3H-5, 80-82",23.259,22.31,0.014142136
"361-U1475E-3H-5, 84-86",23.299,21.75,0.056568542
"361-U1475E-3H-5, 88-90",23.339,21.615,0.176776695
"361-U1475E-3H-5, 92-94",23.379,21.67,0.056568542
"361-U1475E-3H-5, 96-98",23.419,22.89,0.028284271
"361-U1475E-3H-5, 100-102",23.459,22.44,0.028284271
"361-U1475E-3H-5, 104-106",23.499,23.18,0.014142136
"361-U1475E-3H-5, 108-110",23.539,24.095,0.021213203
"361-U1475E-3H-5, 112-114",23.579,22.69,0.212132034
"361-U1475F-2H-3, 20-22",23.624,23.76,0.028284271
"361-U1475F-2H-3, 24-26",23.664,23.74666667,0.254820198
"361-U1475F-2H-3, 28-30",23.704,24.895,0.021213203
"361-U1475F-2H-3, 32-34",23.744,25.195,0.007071068
"361-U1475F-2H-3, 36-38",23.784,25.17,0.084852814
"361-U1475F-2H-3, 40-42",23.824,26.245,0.148492424
"361-U1475F-2H-3, 44-46",23.864,25.085,0.035355339
"361-U1475F-2H-3, 48-50",23.904,26.585,0.106066017
"361-U1475F-2H-3, 52-54",23.944,26.565,0.049497475
"361-U1475F-2H-3, 56-58",23.984,27.985,0.021213203
"361-U1475F-2H-3, 60-62",24.024,28.53,0.070710678
"361-U1475F-2H-3, 64-66",24.064,25.63,0.070710678
"361-U1475F-2H-3, 68-70",24.104,24.63,0.014142136
"361-U1475F-2H-3, 72-74",24.144,,
"361-U1475F-2H-3, 76-78",24.184,26.925,0.035355339
"361-U1475F-2H-3, 80-82",24.224,27.64,0.22627417
"361-U1475F-2H-3, 84-86",24.264,26.005,0.134350288
"361-U1475F-2H-3, 88-90",24.304,25.56,0.084852814
"361-U1475F-2H-3, 92-94",24.344,26.255,0.16263456
"361-U1475F-2H-3, 96-98",24.384,25.92,0.282842712
"361-U1475F-2H-3, 100-102",24.424,24.31,0.084852814
"361-U1475F-2H-3, 104-106",24.464,23.355,0.007071068
"361-U1475F-2H-3, 108-110",24.504,22.375,0.120208153
"361-U1475F-2H-3, 112-114",24.544,22.725,0.091923882
"361-U1475F-2H-3, 116-118",24.584,20.885,0.077781746
"361-U1475F-2H-3, 120-122",24.624,19.475,0.134350288
"361-U1475F-2H-3, 124-126",24.664,20.315,0.007071068
"361-U1475F-2H-3, 128-130",24.704,20.66,0.042426407
"361-U1475F-2H-3, 132-134",24.744,20.975,0.021213203
"361-U1475F-2H-3, 136-138",24.784,21.205,0.06363961
"361-U1475F-2H-3, 140-142",24.824,22.265,0.049497475
"361-U1475F-2H-3, 144-146",24.864,22.41,0.042426407
"361-U1475F-2H-3, 148-150",24.904,22.935,0.049497475
"361-U1475F-2H-4, 2-4",24.944,21.6,0.141421356
"361-U1475F-2H-4, 6-8",24.984,22.01,0.113137085
"361-U1475F-2H-4, 10-12",25.024,22.315,0.134350288
"361-U1475F-2H-4, 14-16",25.064,23.61,0.155563492
"361-U1475F-2H-4, 18-20",25.104,21.4,0
"361-U1475F-2H-4, 22-24",25.144,22.225,0.106066017
"361-U1475F-2H-4, 26-28",25.184,22.61,0.141421356
"361-U1475F-2H-4, 30-32",25.224,21.345,0.021213203
"361-U1475F-2H-4, 34-36",25.264,21.405,0.021213203
"361-U1475F-2H-4, 38-40",25.304,20.765,0.190918831
"361-U1475F-2H-4, 42-44",25.344,20.01,0.014142136
"361-U1475F-2H-4, 46-48",25.384,21.03,0.197989899
"361-U1475F-2H-4, 50-52",25.424,20.5,0.127279221
"361-U1475F-2H-4, 54-56",25.464,21.635,0.06363961
"361-U1475F-2H-4, 58-60",25.504,22.87,0.028284271
"361-U1475F-2H-4, 62-64",25.544,23.33,0.169705627
"361-U1475F-2H-4, 66-68",25.584,22.71,0.212132034
"361-U1475F-2H-4, 70-72",25.624,23.35,0.240416306
"361-U1475F-2H-4, 74-76",25.664,23.335,0.120208153
"361-U1475F-2H-4, 78-80",25.704,22.55,0
"361-U1475F-2H-4, 82-84",25.744,23.065,0.021213203
"361-U1475F-2H-4, 86-88",25.784,23.38666667,0.277908858
"361-U1475F-2H-4, 90-92",25.824,23.86,0.155563492
"361-U1475F-2H-4, 94-96",25.864,23.525,0.021213203
"361-U1475F-2H-4, 98-100",25.904,23.25,0.22627417
"361-U1475F-2H-4, 102-104",25.944,22.69,0.141421356
"361-U1475F-2H-4, 106-108",25.984,22.53,0.084852814
"361-U1475F-2H-4, 110-112",26.024,22.685,0.176776695
"361-U1475F-2H-4, 114-116",26.064,24.01,0.169705627
"361-U1475F-2H-4, 118-120",26.104,22.945,0.190918831
"361-U1475F-2H-4, 122-124",26.144,22.19,0.169705627
"361-U1475F-2H-4, 126-128",26.184,22.565,0.035355339
"361-U1475F-2H-4, 130-132",26.224,24.10333333,0.194250697
"361-U1475F-2H-4, 134-136",26.264,22.90666667,0.176162803
"361-U1475F-2H-4, 138-140",26.304,22.425,0.190918831
"361-U1475F-2H-4, 142-144",26.344,22.33333333,0.193476958
"361-U1475F-2H-4, 146-148",26.384,22.57666667,0.204287379
"361-U1475F-2H-5, 0-2",26.424,21.41,0
"361-U1475F-2H-5, 4-6",26.464,21.765,0.06363961
"361-U1475F-2H-5, 8-10",26.504,22.085,0.077781746
"361-U1475F-2H-5, 12-14",26.544,22.205,0.091923882
"361-U1475F-2H-5, 16-18",26.584,21.64,0.268700577
"361-U1475F-2H-5, 20-22",26.624,21.895,0.106066017
"361-U1475F-2H-5, 24-26",26.664,22.18,0.056568542
"361-U1475F-2H-5, 28-30",26.704,21.32,0.028284271
"361-U1475F-2H-5, 32-34",26.744,22.57,0.084852814
"361-U1475F-2H-5, 36-38",26.784,22.005,0.035355339
"361-U1475F-2H-5, 40-42",26.824,21.915,0.007071068
"361-U1475F-2H-5, 44-46",26.864,22.935,0.120208153
"361-U1475F-2H-5, 48-50",26.904,21.86,0.127279221
"361-U1475F-2H-5, 52-54",26.944,22.61,0.070710678
"361-U1475F-2H-5, 56-58",26.984,22.645,0.106066017
"361-U1475F-2H-5, 60-62",27.024,22.365,0.035355339
"361-U1475F-2H-5, 64-66",27.064,21.98,0.014142136
"361-U1475F-2H-5, 68-70",27.104,22.74,0.070710678
"361-U1475F-2H-5, 72-74",27.144,23.19,0.169705627
"361-U1475F-2H-5, 76-78",27.184,22.45,0.197989899
"361-U1475F-2H-5, 80-82",27.224,22.605,0.120208153
"361-U1475F-2H-5, 84-86",27.264,22,0.028284271
"361-U1475F-2H-5, 88-90",27.304,22.65,0.084852814
"361-U1475F-2H-5, 92-94",27.344,22.235,0.035355339
"361-U1475F-2H-5, 96-98",27.384,22.655,0.106066017
"361-U1475F-2H-5, 100-102",27.424,22.7,0.028284271
"361-U1475F-2H-5, 104-106",27.464,22.23,0.056568542
"361-U1475F-2H-5, 108-110",27.504,22.36,0.183847763
"361-U1475F-2H-5, 112-114",27.544,22.825,0.007071068
"361-U1475F-2H-5, 116-118",27.584,23.05,0.028284271
"361-U1475F-2H-5, 120-122",27.624,23.855,0.035355339
"361-U1475F-2H-5, 124-126",27.664,22.46666667,0.185831465
"361-U1475F-2H-5, 128-130",27.704,22.675,0.091923882
"361-U1475F-2H-5, 132-134",27.744,23.18,0.200748599
"361-U1475F-2H-5, 136-138",27.784,22.85666667,0.204287379
"361-U1475F-2H-5, 140-142",27.824,23.27,0.791959595
"361-U1475F-2H-5, 144-146",27.864,23.125,0.06363961
"361-U1475F-2H-5, 148-150",27.904,21.34,0.127279221
"361-U1475F-2H-6, 2-4",27.944,22.115,0.077781746
"361-U1475F-2H-6, 6-8",27.984,22.445,0.120208153
"361-U1475F-2H-6, 10-12",28.024,22.28,0.268700577
"361-U1475F-2H-6, 14-16",28.064,22.465,0.16263456
"361-U1475F-2H-6, 18-20",28.104,22.06666667,0.303699413
"361-U1475F-2H-6, 22-24",28.144,22.39,0.042426407
"361-U1475F-2H-6, 26-28",28.184,21.395,0.035355339
"361-U1475F-2H-6, 30-32",28.224,21.575,0.021213203
"361-U1475F-2H-6, 34-36",28.264,22.09,0.042426407
"361-U1475F-2H-6, 38-40",28.304,21.96,0.113137085
"361-U1475F-2H-6, 42-44",28.344,21.72,0.028284271
"361-U1475F-2H-6, 46-48",28.384,22.225,0.16263456
"361-U1475F-2H-6, 50-52",28.424,21.625,0.049497475
"361-U1475F-2H-6, 54-56",28.464,22.465,0.06363961
"361-U1475F-2H-6, 58-60",28.504,23.32,0.169705627
"361-U1475F-2H-6, 62-64",28.544,23.39,0.042426407
"361-U1475F-2H-6, 66-68",28.584,23,0.098994949
"361-U1475F-2H-6, 70-72",28.624,23.87,0.070710678
"361-U1475F-2H-6, 74-76",28.664,24.22,0.070710678
"361-U1475F-2H-6, 78-80",28.704,24.73,0.056568542
"361-U1475E-4H-2, 4-6",28.741,27.935,0.190918831
"361-U1475E-4H-2, 8-10",28.781,27.05,0.197989899
"361-U1475E-4H-2, 12-14",28.821,26.575,0.106066017
"361-U1475E-4H-2, 16-18",28.861,24.75,0.127279221
"361-U1475E-4H-2, 20-22",28.901,26.045,0.021213203
"361-U1475E-4H-2, 24-26",28.941,26.36,0.183847763
"361-U1475E-4H-2, 28-30",28.981,28.79666667,0.438786205
"361-U1475E-4H-2, 32-34",29.021,27.34,0.042426407
"361-U1475E-4H-2, 36-38",29.061,26.835,0.176776695
"361-U1475E-4H-2, 40-42",29.101,27.81333333,0.280950767
"361-U1475E-4H-2, 44-46",29.141,24.695,0.134350288
"361-U1475E-4H-2, 48-50",29.181,26.415,0.091923882
"361-U1475E-4H-2, 52-54",29.221,25.465,0.106066017
"361-U1475E-4H-2, 56-58",29.261,26.58,0.098994949
"361-U1475E-4H-2, 60-62",29.301,24.705,0.021213203
"361-U1475E-4H-2, 64-66",29.341,26.34,0.169705627
"361-U1475E-4H-2, 68-70",29.381,24.915,0.134350288
"361-U1475E-4H-2, 72-74",29.421,25.05,0.070710678
"361-U1475E-4H-2, 76-78",29.461,23.085,0.06363961
"361-U1475E-4H-2, 80-82",29.501,24.125,0.091923882
"361-U1475E-4H-2, 84-86",29.541,22.14666667,0.144683563
"361-U1475E-4H-2, 88-90",29.581,23.355,0.176776695
"361-U1475E-4H-2, 92-94",29.621,21.78,0.141421356
"361-U1475E-4H-2, 96-98",29.661,21.875,0.06363961
"361-U1475E-4H-2, 100-102",29.701,21.28,0
"361-U1475E-4H-2, 104-106",29.741,19.51,0.070710678
"361-U1475E-4H-2, 108-110",29.781,20.98,0.028284271
"361-U1475E-4H-2, 112-114",29.821,21.79,0.028284271
"361-U1475E-4H-2, 116-118",29.861,21.06,0.098994949
"361-U1475E-4H-2, 120-122",29.901,21.78,0.028284271
"361-U1475E-4H-2, 124-126",29.941,22.625,0.148492424
"361-U1475E-4H-2, 128-130",29.981,23.51,0.141421356
"361-U1475E-4H-2, 132-134",30.021,21.675,0.077781746
"361-U1475E-4H-2, 136-138",30.061,22.26,0.158745079
"361-U1475E-4H-2, 140-142",30.101,22.03,0.169705627
"361-U1475E-4H-2, 144-146",30.141,21.945,0.021213203
"361-U1475E-4H-2, 148-150",30.181,20.17,0.212132034
"361-U1475E-4H-3, 2-4",30.221,20.875,0.035355339
"361-U1475E-4H-3, 6-8",30.261,20.265,0.134350288
"361-U1475E-4H-3, 10-12",30.301,20.05,0.127279221
"361-U1475E-4H-3, 14-16",30.341,19.96,0.056568542
"361-U1475E-4H-3, 18-20",30.381,18.72,0.113137085
"361-U1475E-4H-3, 22-24",30.421,20.17666667,0.171561456
"361-U1475E-4H-3, 26-28",30.461,20.1,0.070710678
"361-U1475E-4H-3, 30-32",30.501,19.465,0.06363961
"361-U1475E-4H-3, 34-36",30.541,19.605,0.148492424
"361-U1475E-4H-3, 38-40",30.581,19.795,0.049497475
"361-U1475E-4H-3, 42-44",30.621,19.47,0.014142136
"361-U1475E-4H-3, 46-48",30.661,19.465,0.007071068
"361-U1475E-4H-3, 50-52",30.701,19.745,0.035355339
"361-U1475E-4H-3, 54-56",30.741,20.195,0.049497475
"361-U1475E-4H-3, 58-60",30.781,19.98,0.014142136
"361-U1475E-4H-3, 62-64",30.821,19.455,0.049497475
"361-U1475E-4H-3, 66-68",30.861,20.73,0.169705627
"361-U1475E-4H-3, 70-72",30.901,19.555,0.035355339
"361-U1475E-4H-3, 74-76",30.941,19.85,0.084852814
"361-U1475E-4H-3, 78-80",30.981,21.04,0.113137085
"361-U1475E-4H-3, 82-84",31.021,21.435,0.007071068
"361-U1475E-4H-3, 86-88",31.061,22.005,0.049497475
"361-U1475E-4H-3, 90-92",31.101,24.17,0.014142136
"361-U1475E-4H-3, 94-96",31.141,23.95,0.014142136
"361-U1475E-4H-3, 98-100",31.181,24.5,0
"361-U1475E-4H-3, 102-104",31.221,24.35,0.070710678
"361-U1475E-4H-3, 106-108",31.261,24.46,0.084852814
"361-U1475E-4H-3, 110-112",31.301,24.69,0.212132034
"361-U1475E-4H-3, 114-116",31.341,23.92,0.113137085
"361-U1475E-4H-3, 118-120",31.381,21.77,0.127279221
"361-U1475E-4H-3, 122-124",31.421,24.93,0.084852814
"361-U1475E-4H-3, 126-128",31.461,24.01,0.292061637
"361-U1475E-4H-3, 130-132",31.501,22.605,0.021213203
"361-U1475E-4H-3, 134-136",31.541,25.035,0.049497475
"361-U1475E-4H-3, 138-140",31.581,23.41666667,0.184481255
"361-U1475E-4H-3, 142-144",31.621,23.83,0.183847763
"361-U1475E-4H-3, 146-148",31.661,23.15,0.098994949
"361-U1475E-4H-4, 0-2",31.701,24.26,0.113137085
"361-U1475E-4H-4, 4-6",31.741,23.46,0.22627417
"361-U1475E-4H-4, 8-10",31.781,24.865,0.120208153
"361-U1475E-4H-4, 12-14",31.821,24.64,0.084852814
"361-U1475E-4H-4, 16-18",31.861,22.71333333,0.335608899
"361-U1475E-4H-4, 20-22",31.901,22.19666667,0.191398363
"361-U1475E-4H-4, 24-26",31.941,22.64,0.410731056
"361-U1475E-4H-4, 28-30",31.981,24.05333333,0.275015151
"361-U1475E-4H-4, 32-34",32.021,25.015,0.134350288
"361-U1475E-4H-4, 36-38",32.061,26.09666667,0.231156513
"361-U1475E-4H-4, 40-42",32.101,24.50333333,0.217332311
"361-U1475E-4H-4, 44-46",32.141,24.43,0.155563492
"361-U1475E-4H-4, 48-50",32.181,26.74666667,0.263122278
"361-U1475E-4H-4, 52-54",32.221,26.82,0.098994949
"361-U1475E-4H-4, 56-58",32.261,25.265,0.16263456
"361-U1475E-4H-4, 60-62",32.301,25.3,0.042426407
"361-U1475E-4H-4, 64-66",32.341,23.72,0.160934769
"361-U1475E-4H-4, 68-70",32.381,23.225,0.16263456
"361-U1475E-4H-4, 72-74",32.421,22.435,0.120208153
"361-U1475E-4H-4, 76-78",32.461,23.585,0.049497475
"361-U1475E-4H-4, 80-82",32.501,22.59,0.084852814
"361-U1475E-4H-4, 84-86",32.541,22.565,0.106066017
"361-U1475E-4H-4, 88-90",32.581,22.88,0.197989899
"361-U1475E-4H-4, 92-94",32.621,23.53,0.149331845
"361-U1475E-4H-4, 96-98",32.661,23.415,0.148492424
"361-U1475E-4H-4, 100-102",32.701,23.575,0.035355339
"361-U1475E-4H-4, 104-106",32.741,25.035,0.120208153
"361-U1475E-4H-4, 108-110",32.781,23.04,0.028284271
"361-U1475E-4H-4, 112-114",32.821,25.095,0.148492424
"361-U1475E-4H-4, 116-118",32.861,27.37,0.212132034
"361-U1475E-4H-4, 120-122",32.901,25.565,0.035355339
"361-U1475E-4H-4, 124-126",32.941,23.915,0.170782513
"361-U1475E-4H-4, 128-130",32.981,23.66,0.155563492
"361-U1475E-4H-4, 132-134",33.021,22.565,0.021213203
"361-U1475E-4H-4, 136-138",33.061,25.48666667,0.223681321
"361-U1475E-4H-4, 140-142",33.101,25.025,0.035355339
"361-U1475E-4H-4, 144-146",33.141,24.425,0.190918831
"361-U1475E-4H-4, 148-150",33.181,26.875,0.106066017
"361-U1475E-4H-5, 2-4",33.221,26.425,0.219203102
"361-U1475E-4H-5, 6-8",33.261,22.645,0.007071068
"361-U1475E-4H-5, 10-12",33.301,23.13,0
"361-U1475E-4H-5, 14-16",33.341,23.98,0.141421356
"361-U1475E-4H-5, 18-20",33.381,24.49,0.042426407
"361-U1475E-4H-5, 22-24",33.421,24.64,0.070710678
"361-U1475E-4H-5, 26-28",33.461,24.075,0.106066017
"361-U1475E-4H-5, 30-32",33.501,23.845,0.007071068
"361-U1475E-4H-5, 34-36",33.541,25.31,0.155563492
"361-U1475E-4H-5, 38-40",33.581,26.515,0.007071068
"361-U1475E-4H-5, 42-44",33.621,25.165,0.007071068
"361-U1475E-4H-5, 46-48",33.661,25.35,0.056568542
"361-U1475E-4H-5, 50-52",33.701,26.14666667,0.251064401
"361-U1475E-4H-5, 54-56",33.741,25.605,0.007071068
"361-U1475E-4H-5, 58-60",33.781,25.76,0.056568542
"361-U1475E-4H-5, 62-64",33.821,27.13,0.014142136
"361-U1475E-4H-5, 66-68",33.861,26.36,0.197989899
"361-U1475E-4H-5, 70-72",33.901,26.10333333,0.211266025
"361-U1475E-4H-5, 74-76",33.941,,
"361-U1475E-4H-5, 78-80",33.981,24.17,0.028284271
"361-U1475E-4H-5, 82-84",34.021,23.455,0.077781746
"361-U1475E-4H-5, 86-88",34.061,24.99,0.042426407
"361-U1475E-4H-5, 90-92",34.101,23.235,0.077781746
"361-U1475E-4H-5, 94-96",34.141,23.96,0.056568542
"361-U1475E-4H-5, 98-100",34.181,23.225,0.091923882
"361-U1475E-4H-5, 102-104",34.221,23.83,0.286879766
"361-U1475E-4H-5, 106-108",34.261,24.01,0.22627417
"361-U1475E-4H-5, 110-112",34.301,22.45,0.014142136
"361-U1475E-4H-5, 114-116",34.341,25.69333333,0.221885857
"361-U1475E-4H-5, 118-120",34.381,24.785,0.148492424
"361-U1475E-4H-5, 122-124",34.421,23.295,0.049497475
"361-U1475E-4H-5, 126-128",34.461,23.53,0.056568542
"361-U1475E-4H-5, 130-132",34.501,22.21,0.220680765
"361-U1475E-4H-5, 134-136",34.541,23.28,0.183847763
"361-U1475E-4H-5, 138-140",34.581,24.64333333,0.274651294
"361-U1475E-4H-5, 142-144",34.621,27.94,0.070710678
"361-U1475E-4H-5, 146-148",34.661,27.4,0.197989899
"361-U1475E-4H-6, 0-2",34.701,28.87,0.141421356
"361-U1475E-4H-6, 4-6",34.741,27.65,0.212132034
"361-U1475E-4H-6, 8-10",34.781,24.39,0.22627417
"361-U1475E-4H-6, 12-14",34.821,23.26666667,0.308274769
"361-U1475E-4H-6, 16-18",34.861,22.765,0.021213203
"361-U1475E-4H-6, 20-22",34.901,23.355,0.06363961
"361-U1475E-4H-6, 24-26",34.941,22.745,0.007071068
"361-U1475E-4H-6, 28-30",34.981,23.435,0.091923882
"361-U1475E-4H-6, 32-34",35.021,24.855,0.049497475
"361-U1475E-4H-6, 36-38",35.061,25.31,0.251197134
"361-U1475E-4H-6, 40-42",35.101,25.075,0.120208153
"361-U1475E-4H-6, 44-46",35.141,25.54,0
"361-U1475E-4H-6, 48-50",35.181,24.25,0.245560583
"361-U1475E-4H-6, 52-54",35.221,23.305,0.06363961
"361-U1475E-4H-6, 56-58",35.261,24.75,0.155563492
"361-U1475E-4H-6, 60-62",35.301,24.68,0.056568542
"361-U1475E-4H-6, 64-66",35.341,24.305,0.148492424
"361-U1475E-4H-6, 68-70",35.381,24.36,0.014142136
"361-U1475E-4H-6, 72-74",35.421,25.50666667,0.395010548
"361-U1475E-4H-6, 76-78",35.461,25.97333333,0.240069434
"361-U1475E-4H-6, 80-82",35.501,26.96666667,0.169213869
"361-U1475E-4H-6, 84-86",35.541,27.315,0.021213203
"361-U1475E-4H-6, 88-90",35.581,24.12,0.113137085
"361-U1475E-4H-6, 92-94",35.621,23.515,0.148492424
"361-U1475E-4H-6, 96-98",35.661,23.035,0.106066017
"361-U1475E-4H-6, 100-102",35.701,23.68,0.014142136
"361-U1475E-4H-6, 104-106",35.741,23.52,0.113137085
"361-U1475E-4H-6, 108-110",35.781,23.8,0.056568542
"361-U1475E-4H-6, 112-114",35.821,22.905,0.035355339
"361-U1475E-4H-6, 116-118",35.861,25.245,0.106066017
"361-U1475E-4H-6, 120-122",35.901,24.995,0.007071068
"361-U1475E-4H-6, 124-126",35.941,23.98,0.014142136
"361-U1475E-4H-6, 128-130",35.981,24.75,0.028284271
"361-U1475C-4H-5, 54-56",36.021,25.78,0.098994949
"361-U1475C-4H-5, 58-60",36.061,27.56,0.183847763
"361-U1475C-4H-5, 62-64",36.101,24.775,2.057680733
"361-U1475C-4H-5, 66-68",36.141,24.485,0.06363961
"361-U1475C-4H-5, 70-72",36.181,25.555,0.049497475
"361-U1475C-4H-5, 74-76",36.221,24.65,0.028284271
"361-U1475C-4H-5, 78-80",36.261,23.415,0.120208153
"361-U1475C-4H-5, 82-84",36.301,28.11,0.335111922
"361-U1475C-4H-5, 86-88",36.341,24.28,0.098994949
"361-U1475C-4H-5, 90-92",36.381,22.545,0.134350288
"361-U1475C-4H-5, 94-96",36.421,22.005,0.06363961
"361-U1475C-4H-5, 98-100",36.461,22.885,0.190918831
"361-U1475C-4H-5, 102-104",36.501,23.18,0
"361-U1475C-4H-5, 106-108",36.541,24.17,0.084852814
"361-U1475C-4H-5, 110-112",36.581,25.545,0.021213203
"361-U1475C-4H-5, 114-116",36.621,24.155,0.106066017
"361-U1475C-4H-5, 118-120",36.661,23.695,0.049497475
"361-U1475C-4H-5, 122-124",36.701,24.32,0.028284271
"361-U1475C-4H-5, 126-128",36.741,24.49,0.098994949
"361-U1475C-4H-5, 130-132",36.781,24,0.070710678
"361-U1475C-4H-5, 134-136",36.821,23.365,0.091923882
"361-U1475C-4H-5, 138-140",36.861,22.48,0.327414111
"361-U1475C-4H-5, 142-144",36.901,22.645,0.049497475
"361-U1475C-4H-5, 146-148",36.941,21.61,0.155563492
"361-U1475C-4H-6, 0-2",36.981,22.93,0.113137085
"361-U1475C-4H-6, 4-6",37.021,22.105,0.16263456
"361-U1475C-4H-6, 8-10",37.061,22.23,0.098994949
"361-U1475C-4H-6, 12-14",37.101,22.295,0.190918831
"361-U1475C-4H-6, 16-18",37.141,21.27,0.127279221
"361-U1475C-4H-6, 20-22",37.181,22.57,0.028284271
"361-U1475C-4H-6, 24-26",37.221,22.245,0.091923882
"361-U1475C-4H-6, 28-30",37.261,22.755,0.176776695
"361-U1475C-4H-6, 32-34",37.301,22.84,0.147309199
"361-U1475C-4H-6, 36-38",37.341,25.26,0.295465734
"361-U1475C-4H-6, 40-42",37.381,24.54,0.183847763
"361-U1475C-4H-6, 44-46",37.421,26.62,0.098994949
"361-U1475C-4H-6, 48-50",37.461,24.82,0.169705627
"361-U1475C-4H-6, 52-54",37.501,24.3,0.127279221
"361-U1475C-4H-6, 56-58",37.541,25.13,0.056568542
"361-U1475C-4H-6, 60-62",37.581,24.19,0.113137085
"361-U1475C-4H-6, 64-66",37.621,24.775,0.021213203
"361-U1475C-4H-6, 68-70",37.661,23.09,0.056568542
"361-U1475C-4H-6, 72-74",37.701,24.33,0.169705627
"361-U1475C-4H-6, 76-78",37.741,25.25,0.070710678
"361-U1475C-4H-6, 80-82",37.781,23.92,0.141421356
"361-U1475C-4H-6, 84-86",37.821,23.895,0.049497475
"361-U1475C-4H-6, 88-90",37.861,24.045,0.035355339
"361-U1475C-4H-6, 92-94",37.901,25.74,0.084852814
"361-U1475C-4H-6, 96-98",37.941,25.555,0.134350288
"361-U1475C-4H-6, 100-102",37.981,25.02,0.113137085
"361-U1475C-4H-6, 104-106",38.021,23.625,0.035355339
"361-U1475C-4H-6, 108-110",38.061,23.845,0.077781746
"361-U1475C-4H-6, 112-114",38.101,,
"361-U1475C-4H-6, 116-118",38.141,24.805,0.106066017
"361-U1475B-5H-2, 46-48",38.198,23.79,0.098994949
"361-U1475B-5H-2, 50-52",38.238,24.895,0.077781746
"361-U1475B-5H-2, 54-56",38.278,25.5,0.014142136
"361-U1475B-5H-2, 58-60",38.318,25.73,0.084852814
"361-U1475B-5H-2, 62-64",38.358,25.235,0.035355339
"361-U1475B-5H-2, 66-68",38.398,24.175,0.035355339
"361-U1475B-5H-2, 70-72",38.438,23.1,0.22627417
"361-U1475B-5H-2, 74-76",38.478,22.525,0.049497475
"361-U1475B-5H-2, 78-80",38.518,23.01,0.197989899
"361-U1475B-5H-2, 82-84",38.558,22.705,0.148492424
"361-U1475B-5H-2, 86-88",38.598,22.08,0.113137085
"361-U1475B-5H-2, 90-92",38.638,22.765,0.035355339
"361-U1475B-5H-2, 94-96",38.678,23.75,0.042426407
"361-U1475B-5H-2, 98-100",38.718,23.78,0.127279221
"361-U1475B-5H-2, 102-104",38.758,23.64,0.028284271
"361-U1475B-5H-2, 106-108",38.798,24.55,0.155563492
"361-U1475B-5H-2, 110-112",38.838,23.525,0.035355339
"361-U1475B-5H-2, 114-116",38.878,22.73666667,0.207926269
"361-U1475B-5H-2, 118-120",38.918,22.725,0.120208153
"361-U1475B-5H-2, 122-124",38.958,22.045,0.148492424
"361-U1475B-5H-2, 126-128",38.998,22.51,0.127279221
"361-U1475B-5H-2, 130-132",39.038,23.44,0.098994949
"361-U1475B-5H-2, 134-136",39.078,24.205,0.120208153
"361-U1475B-5H-2, 138-140",39.118,,
"361-U1475B-5H-2, 142-144",39.158,23.81,0.056568542
"361-U1475B-5H-2, 146-148",39.198,24.82333333,0.253245599
"361-U1475B-5H-3, 0-2",39.238,24.215,0.120208153
"361-U1475B-5H-3, 4-6",39.278,25.585,0.049497475
"361-U1475B-5H-3, 8-10",39.318,25.81,0.183847763
"361-U1475B-5H-3, 12-14",39.358,23.68,0.042426407
"361-U1475B-5H-3, 16-18",39.398,23.37,0.113137085
"361-U1475B-5H-3, 20-22",39.438,23.125,0.021213203
"361-U1475B-5H-3, 24-26",39.478,23.22333333,0.186100331
"361-U1475B-5H-3, 28-30",39.518,22.645,0.077781746
"361-U1475B-5H-3, 32-34",39.558,22.01,0
"361-U1475B-5H-3, 36-38",39.598,21.615,0.176776695
"361-U1475B-5H-3, 40-42",39.638,21.395,0.007071068
"361-U1475B-5H-3, 44-46",39.678,20.81,0.056568542
"361-U1475B-5H-3, 48-50",39.718,20.1,0.180831413
"361-U1475B-5H-3, 52-54",39.758,20.245,0.049497475
"361-U1475B-5H-3, 56-58",39.798,21.25666667,0.222785397
"361-U1475B-5H-3, 60-62",39.838,21.28666667,0.200333056
"361-U1475B-5H-3, 64-66",39.878,21.58,0.028284271
"361-U1475B-5H-3, 68-70",39.918,22.09,0.127279221
"361-U1475B-5H-3, 72-74",39.958,21.745,0.06363961
"361-U1475B-5H-3, 76-78",39.998,21.62,0.147309199
"361-U1475B-5H-3, 80-82",40.038,22.125,0.06363961
"361-U1475B-5H-3, 84-86",40.078,23.45,0.147309199
"361-U1475B-5H-3, 88-90",40.118,23.36,0.308868904
"361-U1475B-5H-3, 92-94",40.158,24.205,0.134350288
"361-U1475B-5H-3, 96-98",40.198,25.605,0.233345238
"361-U1475B-5H-3, 100-102",40.238,25.68666667,0.204287379
"361-U1475B-5H-3, 104-106",40.278,25.09,0.212132034
"361-U1475B-5H-3, 108-110",40.318,25.905,0.007071068
"361-U1475B-5H-3, 112-114",40.358,25.655,0.219203102
"361-U1475B-5H-3, 116-118",40.398,25.57,0.240416306
"361-U1475B-5H-3, 120-122",40.438,25.79,0.183847763
"361-U1475B-5H-3, 124-126",40.478,23.535,0.148492424
"361-U1475B-5H-3, 128-130",40.518,22.965,0.007071068
"361-U1475B-5H-3, 132-134",40.558,24.6,0.113137085
"361-U1475B-5H-3, 136-138",40.598,22.735,0.007071068
"361-U1475B-5H-3, 140-142",40.638,24.975,0.007071068
"361-U1475B-5H-3, 144-146",40.678,22.515,0.148492424
"361-U1475B-5H-3, 148-150",40.718,23.68,0.141421356
"361-U1475B-5H-4, 2-4",40.758,23.685,0.035355339
"361-U1475B-5H-4, 6-8",40.798,24.06,0.021213203
"361-U1475B-5H-4, 10-12",40.838,24.955,0.106066017
"361-U1475B-5H-4, 14-16",40.878,25.125,0.077781746
"361-U1475B-5H-4, 18-20",40.918,24.92,0.28213472
"361-U1475B-5H-4, 22-24",40.958,25.29,0.141421356
"361-U1475B-5H-4, 26-28",40.998,25.05,0.180831413
"361-U1475B-5H-4, 30-32",41.038,23.855,0.261629509
"361-U1475B-5H-4, 34-36",41.078,25.115,0.007071068
"361-U1475B-5H-4, 38-40",41.118,25.555,0.007071068
"361-U1475B-5H-4, 42-44",41.158,24.085,0.035355339
"361-U1475B-5H-4, 46-48",41.198,25.09,0.084852814
"361-U1475B-5H-4, 50-52",41.238,24.715,0.106066017
"361-U1475B-5H-4, 54-56",41.278,23.885,0.021213203
"361-U1475B-5H-4, 58-60",41.318,23.91,0.028284271
"361-U1475B-5H-4, 62-64",41.358,24.455,0.049497475
"361-U1475B-5H-4, 66-68",41.398,22.07,0.028284271
"361-U1475B-5H-4, 70-72",41.438,22.52,0.113137085
"361-U1475B-5H-4, 74-76",41.478,22.44,0.028284271
"361-U1475B-5H-4, 78-80",41.518,23.58,0.014142136
"361-U1475B-5H-4, 82-84",41.558,22.785,0.106066017
"361-U1475B-5H-4, 86-88",41.598,22.545,0.021213203
"361-U1475B-5H-4, 90-92",41.638,23.475,0.106066017
"361-U1475B-5H-4, 94-96",41.678,23.095,0.077781746
"361-U1475B-5H-4, 98-100",41.718,23.66,0.141421356
"361-U1475B-5H-4, 102-104",41.758,24.13,0.014142136
"361-U1475B-5H-4, 106-108",41.798,23.835,0.035355339
"361-U1475B-5H-4, 110-112",41.838,24.33,0.199248588
"361-U1475B-5H-4, 114-116",41.878,23.435,0.219203102
"361-U1475B-5H-4, 118-120",41.918,23.36,0.084852814
"361-U1475B-5H-4, 122-124",41.958,24.935,0.049497475
"361-U1475B-5H-4, 126-128",41.998,23.245,0.176776695
"361-U1475B-5H-4, 130-132",42.038,23.75666667,0.253837218
"361-U1475B-5H-4, 134-136",42.078,25.08,0.169705627
"361-U1475B-5H-4, 138-140",42.118,24.95,0.197989899
"361-U1475B-5H-4, 142-144",42.158,24.53,0.042426407
"361-U1475B-5H-4, 146-148",42.198,24.4475,0.275605394
"361-U1475B-5H-5, 0-2",42.238,25.025,0.247487373
"361-U1475B-5H-5, 4-6",42.278,24.79,0.113137085
"361-U1475B-5H-5, 8-10",42.318,23.46,0.254558441
"361-U1475B-5H-5, 12-14",42.358,22.88,0.312409987
"361-U1475B-5H-5, 16-18",42.398,23.35,0.042426407
"361-U1475B-5H-5, 20-22",42.438,23.625,0.190918831
"361-U1475B-5H-5, 24-26",42.478,22.81666667,0.332014056
"361-U1475B-5H-5, 28-30",42.518,23.205,0.021213203
"361-U1475B-5H-5, 32-34",42.558,22.515,0.16263456
"361-U1475B-5H-5, 36-38",42.598,23.27,0.098994949
"361-U1475B-5H-5, 40-42",42.638,22.795,0.16263456
"361-U1475B-5H-5, 44-46",42.678,23.025,0.035355339
"361-U1475B-5H-5, 48-50",42.718,23.7,0.056568542
"361-U1475B-5H-5, 52-54",42.758,24.53,0.084852814
"361-U1475B-5H-5, 56-58",42.798,24.53,0.141421356
"361-U1475B-5H-5, 60-62",42.838,27.265,0.134350288
"361-U1475B-5H-5, 64-66",42.878,26.59,0.014142136
"361-U1475B-5H-5, 68-70",42.918,26.18,0.17691806
"361-U1475B-5H-5, 72-74",42.958,26.485,0.148492424
"361-U1475B-5H-5, 76-78",42.998,27.2,0.014142136
"361-U1475B-5H-5, 80-82",43.038,26.235,0.091923882
"361-U1475B-5H-5, 84-86",43.078,24.475,0.106066017
"361-U1475B-5H-5, 88-90",43.118,24.28,0.113137085
"361-U1475B-5H-5, 92-94",43.158,25.46,0.236431808
"361-U1475B-5H-5, 96-98",43.198,26.765,0.106066017
"361-U1475B-5H-5, 100-102",43.238,27.065,0.176776695
"361-U1475B-5H-5, 104-106",43.278,26.365,0.16263456
"361-U1475B-5H-5, 108-110",43.318,24.545,0.261629509
"361-U1475B-5H-5, 112-114",43.358,25.4,0.056568542
"361-U1475B-5H-5, 116-118",43.398,24.38,0.070710678
"361-U1475B-5H-5, 120-122",43.438,23.33333333,0.223681321
"361-U1475B-5H-5, 124-126",43.478,23.14,0.141421356
"361-U1475B-5H-5, 128-130",43.518,24.255,0.176776695
"361-U1475C-5H-2, 116-118",43.585,25.32,0.028284271
"361-U1475C-5H-2, 122-124",43.645,,
"361-U1475C-5H-2, 124-126",43.665,24.945,0.021213203
"361-U1475C-5H-2, 128-130",43.705,22.045,0.035355339
"361-U1475C-5H-2, 132-134",43.745,25.48333333,0.261023626
"361-U1475C-5H-2, 136-138",43.785,26.1,0.028284271
"361-U1475C-5H-2, 140-142",43.825,24.6,0.113137085
"361-U1475C-5H-2, 144-146",43.865,25.355,0.120208153
"361-U1475C-5H-3, 2-4",43.945,25.245,0.091923882
"361-U1475C-5H-3, 6-8",43.985,26.2,0.282842712
"361-U1475C-5H-3, 10-12",44.025,24.89666667,0.403773864
"361-U1475C-5H-3, 14-16",44.065,25.04,0.325269119
"361-U1475C-5H-3, 18-20",44.105,24.91666667,0.245017006
"361-U1475C-5H-3, 22-24",44.145,24.23666667,0.417891533
"361-U1475C-5H-3, 26-28",44.185,24.27,0.056568542
"361-U1475C-5H-3, 30-32",44.225,25.39,0.141421356
"361-U1475C-5H-3, 34-36",44.265,23.58,0.070710678
"361-U1475C-5H-3, 38-40",44.305,22.26,0.084852814
"361-U1475C-5H-3, 42-44",44.345,22.87,0.042426407
"361-U1475C-5H-3, 46-48",44.385,24.18,0.127279221
"361-U1475C-5H-3, 50-52",44.425,23.56666667,0.267644042
"361-U1475C-5H-3, 54-56",44.465,23.35333333,0.180092569
"361-U1475C-5H-3, 58-60",44.505,22.87,0.084852814
"361-U1475C-5H-3, 62-64",44.545,23.725,0.190918831
"361-U1475C-5H-3, 66-68",44.585,,
"361-U1475C-5H-3, 69-71",44.615,19.28,0.141421356
"361-U1475C-5H-3, 74-76",44.665,20.925,0.120208153
"361-U1475C-5H-3, 78-80",44.705,20.455,0.233345238
"361-U1475C-5H-3, 82-84",44.745,20.96,0.056568542
"361-U1475C-5H-3, 86-88",44.785,,
"361-U1475C-5H-3, 90-92",44.825,22.28,0.155241747
"361-U1475C-5H-3, 94-96",44.865,24.51666667,0.289885035
"361-U1475C-5H-3, 98-100",44.905,21.63,0.183847763
"361-U1475C-5H-3, 102-104",44.945,19.82,0.153948043
"361-U1475C-5H-3, 106-108",44.985,24.52,0.084852814
"361-U1475C-5H-3, 110-112",45.025,24.62,0.311126984
"361-U1475C-5H-3, 114-116",45.065,23.89,0.169705627
"361-U1475C-5H-3, 118-120",45.105,22.305,0.077781746
"361-U1475C-5H-3, 122-124",45.145,22.545,0.176776695
"361-U1475C-5H-3, 126-128",45.185,23.55,0.014142136
"361-U1475C-5H-3, 130-132",45.225,23.32,0.244335834
"361-U1475C-5H-3, 134-136",45.265,23.37,0.028284271
"361-U1475C-5H-3, 138-140",45.305,24.495,0.134350288
"361-U1475C-5H-3, 142-144",45.345,23.205,0.120208153
"361-U1475C-5H-4, 4-6",45.465,,0.056568542
"361-U1475C-5H-4, 6-8",45.485,25.365,0.120208153
"361-U1475C-5H-4, 10-12",45.525,24.21,0.042426407
"361-U1475C-5H-4, 14-16",45.565,25.825,0.06363961
"361-U1475C-5H-4, 18-20",45.605,24.95,0.084852814
"361-U1475C-5H-4, 22-24",45.645,25.215,0.205060967
"361-U1475C-5H-4, 26-28",45.685,,
"361-U1475C-5H-4, 30-32",45.725,25.72,0.22627417
"361-U1475C-5H-4, 34-36",45.765,21.19,0.070710678
"361-U1475C-5H-4, 38-40",45.805,22.865,0.176776695
"361-U1475C-5H-4, 42-44",45.845,20.29,0.212132034
"361-U1475C-5H-4, 46-48",45.885,25.075,0.233345238
"361-U1475C-5H-4, 50-52",45.925,22.82,0.028284271
"361-U1475C-5H-4, 54-56",45.965,,
"361-U1475C-5H-4, 58-60",46.005,23.995,0.148492424
"361-U1475C-5H-4, 62-64",46.045,24.065,0.035355339
"361-U1475C-5H-4, 66-68",46.085,22.495,0.120208153
"361-U1475C-5H-4, 70-72",46.125,20.26,0.113137085
"361-U1475C-5H-4, 74-76",46.165,22.93666667,0.25540817
"361-U1475C-5H-4, 78-80",46.205,22.13333333,0.178978583
"361-U1475C-5H-4, 82-84",46.245,21.41333333,0.265015723
"361-U1475C-5H-4, 86-88",46.285,21.635,0.190918831
"361-U1475C-5H-4, 90-92",46.325,23.475,0.007071068
"361-U1475C-5H-4, 94-96",46.365,,
"361-U1475C-5H-4, 98-100",46.405,23.285,0.148492424
"361-U1475C-5H-4, 102-104",46.445,20.865,0.134350288
"361-U1475C-5H-4, 106-108",46.485,22.585,0.205060967
"361-U1475C-5H-4, 110-112",46.525,21.535,0.035355339
"361-U1475C-5H-4, 114-116",46.565,22.055,0.021213203
"361-U1475C-5H-4, 118-120",46.605,23.995,0.219203102
"361-U1475C-5H-4, 122-124",46.645,24.85,0.240416306
"361-U1475C-5H-4, 126-128",46.685,22.025,0.021213203
"361-U1475C-5H-4, 130-132",46.725,22.165,0.134350288
"361-U1475C-5H-4, 134-136",46.765,22.985,0.176776695
"361-U1475C-5H-4, 138-140",46.805,22.55,0.212132034
"361-U1475C-5H-4, 142-144",46.845,,
"361-U1475C-5H-5, 5-7",46.975,,
"361-U1475C-5H-5, 8-10",47.005,23.68,0.014142136
"361-U1475C-5H-5, 12-14",47.045,21.93,0.155563492
"361-U1475C-5H-5, 16-18",47.085,18.97,0.22627417
"361-U1475C-5H-5, 20-22",47.125,19.895,0.219203102
"361-U1475C-5H-5, 24-26",47.165,20.3,0.141421356
"361-U1475C-5H-5, 28-30",47.205,24.31333333,0.351046056
"361-U1475C-5H-5, 34-35",47.26,23.855,0.035355339
"361-U1475C-5H-5, 43-44",47.35,,
"361-U1475C-5H-5, 52-53",47.44,,
"361-U1475C-5H-5, 61-62",47.53,20.88,0
"361-U1475C-5H-5, 70-71",47.62,22.415,0.035355339
"361-U1475C-5H-5, 79-80",47.71,22.305,0.134350288
"361-U1475C-5H-5, 88-89",47.8,23.14,0.169705627
"361-U1475C-5H-5, 97-98",47.89,,
"361-U1475C-5H-5, 106-107",47.98,,
"361-U1475C-5H-5, 115-116",48.07,,
"361-U1475C-5H-5, 124-125",48.16,,
"361-U1475C-5H-5, 133-134",48.25,,
"361-U1475C-5H-5, 142-143",48.34,,
"361-U1475C-5H-6, 1-2",48.43,,
"361-U1475C-5H-6, 10-11",48.52,,
"361-U1475C-5H-6, 19-20",48.61,,
"361-U1475C-5H-6, 28-29",48.7,,
"361-U1475C-5H-6, 37-38",48.79,,
"361-U1475C-5H-6, 46-47",48.88,,
"361-U1475C-5H-6, 55-56",48.97,,
"361-U1475C-5H-6, 64-65",49.06,,
"361-U1475C-5H-6, 73-74",49.15,,
"361-U1475C-5H-6, 82-83",49.24,,
"361-U1475C-5H-6, 91-92",49.33,,
"361-U1475C-5H-6, 98-100",49.405,,
"361-U1475C-5H-7, 9-10",49.51,,
"361-U1475C-5H-7, 18-19",49.6,,
"361-U1475C-5H-7, 27-28",49.69,,
"361-U1475C-5H-7, 36-37",49.78,,
"361-U1475C-5H-7, 45-46",49.87,,
"361-U1475C-5H-7, 54-55",49.96,,
"361-U1475C-5H-7, 63-64",50.05,,
"361-U1475C-5H-7, 72-73",50.14,,
"361-U1475E-6H-1, 104-105",50.326,,
"361-U1475E-6H-1, 113-114",50.416,,
"361-U1475E-6H-1, 122-123",50.506,,
"361-U1475E-6H-1, 131-132",50.596,,
"361-U1475E-6H-1, 140-141",50.686,,
"361-U1475E-6H-1, 148-149",50.776,,
"361-U1475E-6H-2, 7-8",50.856,,
"361-U1475E-6H-2, 16-17",50.946,,
"361-U1475E-6H-2, 25-26",51.036,,
"361-U1475E-6H-2, 34-35",51.126,,
"361-U1475E-6H-2, 43-44",51.216,,
"361-U1475E-6H-2, 52-53",51.306,,
"361-U1475E-6H-2, 61-62",51.396,,
"361-U1475E-6H-2, 70-71",51.486,,
"361-U1475E-6H-2, 79-80",51.576,,
"361-U1475E-6H-2, 88-89",51.666,,
"361-U1475E-6H-2, 97-98",51.756,,
"361-U1475E-6H-2, 106-107",51.846,,
"361-U1475E-6H-2, 115-116",51.936,,
"361-U1475E-6H-2, 124-125",52.026,,
"361-U1475E-6H-2, 133-134",52.116,,
"361-U1475E-6H-2, 142-143",52.206,,
"361-U1475E-6H-3, 2-3",52.306,,
"361-U1475E-6H-3, 11-12",52.396,,
"361-U1475E-6H-3, 20-21",52.486,,
"361-U1475E-6H-3, 29-30",52.576,,
"361-U1475E-6H-3, 38-39",52.666,,
"361-U1475E-6H-3, 47-48",52.756,,
"361-U1475E-6H-3, 56-57",52.846,,
"361-U1475E-6H-3, 65-66",52.936,,
"361-U1475E-6H-3, 74-75",53.026,,
"361-U1475E-6H-3, 83-84",53.116,,
"361-U1475C-6H-2, 17-18",53.296,,
"361-U1475C-6H-2, 26-27",53.386,,
"361-U1475C-6H-2, 35-36",53.476,,
"361-U1475C-6H-2, 44-45",53.566,,
"361-U1475C-6H-2, 53-54",53.656,,
"361-U1475C-6H-2, 62-63",53.746,,
"361-U1475C-6H-2, 71-72",53.836,,
"361-U1475C-6H-2, 80-81",53.926,,
"361-U1475C-6H-2, 89-90",54.016,,
"361-U1475C-6H-2, 98-99",54.106,,
"361-U1475C-6H-2, 107-108",54.196,,
"361-U1475C-6H-2, 116-117",54.286,,
"361-U1475C-6H-2, 125-126",54.376,,
"361-U1475C-6H-2, 134-135",54.466,,
"361-U1475C-6H-2, 143-144",54.556,,
"361-U1475C-6H-3, 2-3",54.646,,
"361-U1475C-6H-3, 11-12",54.736,,
"361-U1475C-6H-3, 20-21",54.826,,
"361-U1475C-6H-3, 29-30",54.916,,
"361-U1475C-6H-3, 38-39",55.006,,
"361-U1475C-6H-3, 47-48",55.096,,
"361-U1475C-6H-3, 56-57",55.186,,
"361-U1475C-6H-3, 65-66",55.276,,
"361-U1475C-6H-3, 74-75",55.366,,
"361-U1475C-6H-3, 83-84",55.456,,
"361-U1475C-6H-3, 92-93",55.546,,
"361-U1475C-6H-3, 101-102",55.636,,
"361-U1475C-6H-3, 110-111",55.726,,
"361-U1475C-6H-3, 119-120",55.816,,
"361-U1475C-6H-3, 128-129",55.906,,
"361-U1475C-6H-3, 137-138",55.996,,
"361-U1475C-6H-3, 146-147",56.086,,
"361-U1475C-6H-4, 5-6",56.176,,
"361-U1475C-6H-4, 14-15",56.266,,
"361-U1475C-6H-4, 23-24",56.356,,
"361-U1475C-6H-4, 32-33",56.446,,
"361-U1475C-6H-4, 41-42",56.536,,
"361-U1475C-6H-4, 50-51",56.626,,
"361-U1475C-6H-4, 59-60",56.716,,
"361-U1475E-6H-5, 143-144",56.716,,
"361-U1475C-6H-4, 68-69",56.806,,
"361-U1475C-6H-4, 77-78",56.896,,
"361-U1475C-6H-4, 86-87",56.986,,
"361-U1475C-6H-4, 95-96",57.076,,
"361-U1475C-6H-4, 104-105",57.166,,
"361-U1475C-6H-4, 113-114",57.256,,
"361-U1475C-6H-4, 122-123",57.346,,
"361-U1475C-6H-4, 131-132",57.436,,
"361-U1475C-6H-4, 140-141",57.526,,
"361-U1475C-6H-4, 148-149",57.616,,
"361-U1475C-6H-5, 8-9",57.706,,
"361-U1475C-6H-5, 17-18",57.796,,
"361-U1475C-6H-5, 26-27",57.886,,
"361-U1475C-6H-5, 35-36",57.976,,
"361-U1475C-6H-5, 44-45",58.066,,
"361-U1475C-6H-5, 53-54",58.156,,
"361-U1475C-6H-5, 62-63",58.246,,
"361-U1475C-6H-5, 71-72",58.336,,
"361-U1475C-6H-5, 80-81",58.426,,
"361-U1475C-6H-5, 89-90",58.516,,
"361-U1475C-6H-5, 98-99",58.606,,
"361-U1475C-6H-5, 107-108",58.696,,
"361-U1475C-6H-5, 116-117",58.786,,
"361-U1475C-6H-5, 125-126",58.876,,
"361-U1475C-6H-5, 134-135",58.966,,
"361-U1475E-7H-2, 42-43",59.143,,
"361-U1475E-7H-2, 51-52",59.233,,
"361-U1475E-7H-2, 60-61",59.323,,
"361-U1475E-7H-2, 69-70",59.413,,
"361-U1475E-7H-2, 78-79",59.503,,
"361-U1475E-7H-2, 87-88",59.593,,
"361-U1475E-7H-2, 96-97",59.683,,
"361-U1475E-7H-2, 105-106",59.773,,
"361-U1475E-7H-2, 114-115",59.863,,
"361-U1475E-7H-2, 123-124",59.953,,
"361-U1475E-7H-2, 132-133",60.043,,
"361-U1475E-7H-2, 141-142",60.133,,
"361-U1475E-7H-2, 148-150",60.208,,
"361-U1475E-7H-3, 9-10",60.313,,
"361-U1475E-7H-3, 18-19",60.403,,
"361-U1475E-7H-3, 27-28",60.493,,
"361-U1475E-7H-3, 36-37",60.583,,
"361-U1475E-7H-3, 45-46",60.673,,
"361-U1475E-7H-3, 54-55",60.763,,
"361-U1475E-7H-3, 63-64",60.853,,
"361-U1475E-7H-3, 72-73",60.943,,
"361-U1475E-7H-3, 81-82",61.033,,
"361-U1475E-7H-3, 90-91",61.123,,
"361-U1475B-7H-3, 51-52",61.308,,
"361-U1475B-7H-3, 60-61",61.398,,
"361-U1475B-7H-3, 69-70",61.488,,
"361-U1475B-7H-3, 78-79",61.578,,
"361-U1475B-7H-3, 87-88",61.668,,
"361-U1475B-7H-3, 96-97",61.758,,
"361-U1475B-7H-3, 99-100",61.788,,
"361-U1475B-7H-3, 105-106",61.848,,
"361-U1475B-7H-3, 114-115",61.938,,
"361-U1475B-7H-3, 123-124",62.028,,
"361-U1475B-7H-3, 132-133",62.118,,
"361-U1475B-7H-3, 141-142",62.208,,
"361-U1475B-7H-3, 148-150",62.283,,
"361-U1475B-7H-4, 9-10",62.388,,
"361-U1475B-7H-4, 18-19",62.478,,
"361-U1475B-7H-4, 27-28",62.568,,
"361-U1475B-7H-4, 36-37",62.658,,
"361-U1475B-7H-4, 45-46",62.748,,
"361-U1475B-7H-4, 54-55",62.838,,
"361-U1475B-7H-4, 63-64",62.928,,
"361-U1475B-7H-4, 72-73",63.018,,
"361-U1475B-7H-4, 81-82",63.108,,
"361-U1475B-7H-4, 90-91",63.198,,
"361-U1475B-7H-4, 99-100",63.288,,
"361-U1475B-7H-4, 108-109",63.378,,
"361-U1475B-7H-4, 117-118",63.468,,
"361-U1475B-7H-4, 126-127",63.558,,
"361-U1475B-7H-4, 135-136",63.648,,
"361-U1475B-7H-4, 144-145",63.738,,
"361-U1475B-7H-5, 3-4",63.828,,
"361-U1475B-7H-5, 12-13",63.918,,
"361-U1475B-7H-5, 21-22",64.008,,
"361-U1475B-7H-5, 30-31",64.098,,
"361-U1475B-7H-5, 39-40",64.188,,
"361-U1475B-7H-5, 48-49",64.278,,
"361-U1475B-7H-5, 57-58",64.368,,
"361-U1475B-7H-5, 66-67",64.458,,
"361-U1475B-7H-5, 75-76",64.548,,
"361-U1475B-7H-5, 84-85",64.638,,
"361-U1475B-7H-5, 93-94",64.728,,
"361-U1475C-7H-2, 142-143",64.914,,
"361-U1475C-7H-3, 1-2",65.004,,
"361-U1475C-7H-3, 10-11",65.094,,
"361-U1475C-7H-3, 19-20",65.184,,
"361-U1475C-7H-3, 28-29",65.274,,
"361-U1475C-7H-3, 37-38",65.364,,
"361-U1475C-7H-3, 46-47",65.454,,
"361-U1475C-7H-3, 55-56",65.544,,
"361-U1475C-7H-3, 64-65",65.634,,
"361-U1475C-7H-3, 73-74",65.724,,
"361-U1475C-7H-3, 82-83",65.814,,
"361-U1475C-7H-3, 91-92",65.904,,
"361-U1475C-7H-3, 100-101",65.994,,
"361-U1475C-7H-3, 109-110",66.084,,
"361-U1475B-7H-6, 82-83",66.118,,
"361-U1475C-7H-3, 118-119",66.174,,
"361-U1475C-7H-3, 127-128",66.264,,
"361-U1475C-7H-3, 136-137",66.354,,
"361-U1475C-7H-3, 145-146",66.444,,
"361-U1475C-7H-4, 4-5",66.534,,
"361-U1475C-7H-4, 13-14",66.624,,
"361-U1475C-7H-4, 22-23",66.714,,
"361-U1475C-7H-4, 31-32",66.804,,
"361-U1475C-7H-4, 40-41",66.894,,
"361-U1475C-7H-4, 49-50",66.984,,
"361-U1475C-7H-4, 58-59",67.074,,
"361-U1475C-7H-4, 67-68",67.164,,
"361-U1475C-7H-4, 76-77",67.254,,
"361-U1475C-7H-4, 85-86",67.344,,
"361-U1475C-7H-4, 94-95",67.434,,
"361-U1475C-7H-4, 103-104",67.524,,
"361-U1475C-7H-4, 112-113",67.614,,
"361-U1475C-7H-4, 121-122",67.704,,
"361-U1475C-7H-4, 130-131",67.794,,
"361-U1475C-7H-4, 139-140",67.884,,
"361-U1475C-7H-4, 148-149",67.974,,
"361-U1475C-7H-5, 7-8",68.064,,
"361-U1475C-7H-5, 16-17",68.154,,
"361-U1475C-7H-5, 25-26",68.244,,
"361-U1475C-7H-5, 34-35",68.334,,
"361-U1475C-7H-5, 43-44",68.424,,
"361-U1475C-7H-5, 52-53",68.514,,
"361-U1475C-7H-5, 61-62",68.604,,
"361-U1475C-7H-5, 70-71",68.694,,
"361-U1475C-7H-5, 79-80",68.784,,
"361-U1475C-7H-5, 88-89",68.874,,
"361-U1475C-7H-5, 97-98",68.964,,
"361-U1475C-7H-5, 102-103",69.014,,
"361-U1475C-7H-5, 106-107",69.054,,
"361-U1475C-7H-5, 115-116",69.144,,
"361-U1475C-7H-5, 124-125",69.234,,
"361-U1475C-7H-5, 133-134",69.324,,
"361-U1475C-7H-5, 142-143",69.414,,
"361-U1475C-7H-6, 1-2",69.504,,
"361-U1475C-7H-6, 10-11",69.594,,
"361-U1475C-7H-6, 19-20",69.684,,
"361-U1475C-7H-6, 28-29",69.774,,
"361-U1475C-7H-6, 37-38",69.864,,
"361-U1475C-7H-6, 46-47",69.954,,
"361-U1475C-7H-6, 55-56",70.044,,
"361-U1475C-7H-6, 64-65",70.134,,
"361-U1475C-7H-6, 73-74",70.224,,
"361-U1475B-8H-3, 8-9",70.405,,
"361-U1475B-8H-3, 17-19",70.495,,
"361-U1475B-8H-3, 26-27",70.585,,
"361-U1475B-8H-3, 35-36",70.6745,,
"361-U1475B-8H-3, 44-45",70.765,,
"361-U1475B-8H-3, 53-54",70.855,,
"361-U1475B-8H-3, 62-63",70.945,,
"361-U1475B-8H-3, 71-72",71.0345,,
"361-U1475B-8H-3, 80-81",71.125,,
"361-U1475B-8H-3, 89-90",71.215,,
"361-U1475B-8H-3, 98-99",71.305,,
"361-U1475B-8H-3, 107-108",71.3945,,
"361-U1475B-8H-3, 116-117",71.485,,
"361-U1475B-8H-3, 125-126",71.575,,
"361-U1475B-8H-3, 134-135",71.665,,
"361-U1475B-8H-3, 143-144",71.755,,
"361-U1475B-8H-4, 2-3",71.845,,
"361-U1475B-8H-4, 11-12",71.935,,
"361-U1475B-8H-4, 20-21",72.025,,
"361-U1475B-8H-4, 29-30",72.115,,
"361-U1475B-8H-4, 38-39",72.205,,
"361-U1475B-8H-4, 47-48",72.295,,
"361-U1475B-8H-4, 56-57",72.385,,
"361-U1475B-8H-4, 65-66",72.475,,
"361-U1475B-8H-4, 74-75",72.5645,,
"361-U1475B-8H-4, 83-84",72.655,,
"361-U1475B-8H-4, 92-93",72.745,,
"361-U1475C-8H-1, 121-122",72.92,,
"361-U1475C-8H-1, 130-131",73.01,,
"361-U1475C-8H-1, 139-140",73.1,,
"361-U1475C-8H-1, 148-149",73.19,,
"361-U1475C-8H-2, 7-8",73.28,,
"361-U1475C-8H-2, 16-17",73.37,,
"361-U1475C-8H-2, 25-26",73.46,,
"361-U1475C-8H-2, 34-35",73.55,,
"361-U1475C-8H-2, 43-44",73.64,,
"361-U1475C-8H-2, 52-53",73.73,,
"361-U1475C-8H-2, 61-62",73.82,,
"361-U1475C-8H-2, 70-71",73.91,,
"361-U1475C-8H-2, 79-80",74,,
"361-U1475C-8H-2, 88-89",74.09,,
"361-U1475C-8H-2, 97-98",74.18,,
"361-U1475C-8H-2, 106-107",74.27,,
"361-U1475C-8H-2, 115-117",74.365,,
"361-U1475C-8H-2, 125-127",74.465,,
"361-U1475C-8H-2, 135-137",74.565,,
"361-U1475C-8H-2, 145-147",74.665,,
"361-U1475C-8H-3, 5-7",74.765,,
"361-U1475C-8H-3, 15-17",74.865,,
"361-U1475C-8H-3, 25-27",74.965,,
"361-U1475C-8H-3, 35-37",75.065,,
"361-U1475C-8H-3, 45-47",75.165,,
"361-U1475C-8H-3, 55-57",75.265,,
"361-U1475C-8H-3, 65-67",75.365,,
"361-U1475C-8H-3, 76-78",75.475,,
"361-U1475C-8H-3, 85-87",75.565,,
"361-U1475C-8H-3, 95-97",75.665,,
"361-U1475C-8H-3, 105-107",75.765,,
"361-U1475C-8H-3, 116-118",75.875,,
"361-U1475C-8H-3, 125-127",75.965,,
"361-U1475C-8H-3, 135-137",76.065,,
"361-U1475C-8H-3, 145-147",76.165,,
"361-U1475C-8H-4, 5-7",76.265,,
"361-U1475C-8H-4, 15-17",76.365,,
"361-U1475C-8H-4, 25-27",76.465,,
"361-U1475C-8H-4, 35-37",76.565,,
"361-U1475C-8H-4, 45-47",76.665,,
"361-U1475C-8H-4, 55-57",76.765,,
"361-U1475C-8H-4, 65-67",76.865,,
"361-U1475C-8H-4, 75-77",76.965,,
"361-U1475C-8H-4, 85-87",77.065,,
"361-U1475C-8H-4, 95-97",77.165,,
"361-U1475C-8H-4, 101-102",77.22,,
"361-U1475C-8H-4, 105-107",77.265,,
"361-U1475C-8H-4, 116-118",77.375,,
"361-U1475C-8H-4, 125-127",77.465,,
"361-U1475C-8H-4, 135-137",77.565,,
"361-U1475C-8H-4, 145-147",77.665,,
"361-U1475C-8H-5, 6-8",77.775,,
"361-U1475C-8H-5, 15-17",77.865,,
"361-U1475C-8H-5, 25-27",77.965,,
"361-U1475C-8H-5, 35-37",78.065,,
"361-U1475C-8H-5, 47-49",78.185,,
"361-U1475C-8H-5, 56-58",78.275,,
"361-U1475C-8H-5, 65-67",78.365,,
"361-U1475C-8H-5, 76-78",78.475,,
"361-U1475C-8H-5, 85-87",78.565,,
"361-U1475C-8H-5, 95-97",78.665,,
"361-U1475C-8H-5, 105-107",78.765,,
"361-U1475C-8H-5, 116-118",78.875,,
"361-U1475C-8H-5, 125-127",78.965,,
"361-U1475C-8H-5, 135-137",79.065,,
"361-U1475C-8H-5, 145-147",79.165,,
"361-U1475C-8H-6, 5-7",79.265,,
"361-U1475C-8H-6, 15-17",79.365,,
"361-U1475C-8H-6, 24-26",79.455,,
"361-U1475C-8H-6, 35-37",79.565,,
"361-U1475C-8H-6, 46-48",79.675,,
"361-U1475C-8H-6, 55-57",79.765,,
"361-U1475B-9H-2, 145-147",79.829,,
"361-U1475B-9H-3, 4-6",79.919,,
"361-U1475B-9H-3, 14-16",80.019,,
"361-U1475B-9H-3, 24-26",80.119,,
"361-U1475B-9H-3, 34-36",80.219,,
"361-U1475B-9H-3, 43-45",80.309,,
"361-U1475B-9H-3, 54-56",80.419,,
"361-U1475B-9H-3, 64-66",80.519,,
"361-U1475B-9H-3, 74-76",80.619,,
"361-U1475B-9H-3, 84-86",80.719,,
"361-U1475B-9H-3, 94-96",80.819,,
"361-U1475B-9H-3, 104-106",80.919,,
"361-U1475B-9H-3, 113-115",81.009,,
"361-U1475B-9H-3, 124-126",81.119,,
"361-U1475B-9H-3, 134-136",81.219,,
"361-U1475B-9H-3, 144-146",81.319,,
"361-U1475B-9H-4, 4-6",81.419,,
"361-U1475B-9H-4, 12-14",81.499,,
"361-U1475B-9H-4, 24-26",81.619,,
"361-U1475B-9H-4, 34-36",81.719,,
"361-U1475B-9H-4, 43-45",81.809,,
"361-U1475B-9H-4, 54-56",81.919,,
"361-U1475B-9H-4, 64-66",82.019,,
"361-U1475B-9H-4, 74-76",82.119,,
"361-U1475B-9H-4, 84-86",82.219,,
"361-U1475B-9H-4, 94-96",82.319,,
"361-U1475B-9H-4, 104-106",82.419,,
"361-U1475B-9H-4, 112-114",82.499,,
"361-U1475B-9H-4, 124-126",82.619,,
"361-U1475B-9H-4, 134-136",82.719,,
"361-U1475B-9H-4, 144-146",82.819,,
"361-U1475B-9H-5, 4-6",82.919,,
"361-U1475B-9H-5, 8-10",82.959,,
"361-U1475B-9H-5, 12-14",82.999,,
"361-U1475B-9H-5, 16-18",83.039,,
"361-U1475B-9H-5, 20-22",83.079,,
"361-U1475B-9H-5, 24-26",83.119,,
"361-U1475B-9H-5, 28-30",83.159,,
"361-U1475B-9H-5, 32-34",83.199,,
"361-U1475B-9H-5, 36-38",83.239,,
"361-U1475B-9H-5, 42-44",83.299,,
"361-U1475B-9H-5, 48-50",83.359,,
"361-U1475B-9H-5, 52-54",83.399,,
"361-U1475B-9H-5, 56-58",83.439,,
"361-U1475B-9H-5, 64-66",83.519,,
"361-U1475B-9H-5, 68-70",83.559,,
"361-U1475B-9H-5, 72-74",83.599,,
"361-U1475B-9H-5, 76-78",83.639,,
"361-U1475B-9H-5, 80-82",83.679,,
"361-U1475B-9H-5, 84-86",83.719,,
"361-U1475B-9H-5, 88-90",83.759,,
"361-U1475B-9H-5, 92-94",83.799,,
"361-U1475B-9H-5, 96-98",83.839,,
"361-U1475B-9H-5, 100-102",83.879,,
"361-U1475B-9H-5, 104-106",83.919,,
"361-U1475B-9H-5, 108-110",83.959,,
"361-U1475B-9H-5, 112-114",83.999,,
"361-U1475B-9H-5, 116-118",84.039,,
"361-U1475B-9H-5, 120-122",84.079,,
"361-U1475B-9H-5, 124-126",84.119,,
"361-U1475B-9H-5, 128-130",84.159,,
"361-U1475B-9H-5, 132-134",84.199,,
"361-U1475B-9H-5, 136-138",84.239,,
"361-U1475B-9H-5, 140-142",84.279,,
"361-U1475B-9H-5, 144-146",84.319,,
"361-U1475B-9H-5, 148-150",84.359,,
"361-U1475B-9H-6, 0-2",84.379,,
"361-U1475B-9H-6, 4-6",84.419,,
"361-U1475B-9H-6, 8-10",84.459,,
"361-U1475B-9H-6, 12-14",84.499,,
"361-U1475B-9H-6, 16-18",84.539,,
"361-U1475B-9H-6, 24-26",84.619,,
"361-U1475B-9H-6, 28-30",84.659,,
"361-U1475C-9H-3, 83-85",84.711,,
"361-U1475C-9H-3, 87-89",84.751,,
"361-U1475C-9H-3, 91-93",84.791,,
"361-U1475C-9H-3, 95-97",84.831,,
"361-U1475C-9H-3, 99-101",84.871,,
"361-U1475C-9H-3, 103-105",84.911,,
"361-U1475C-9H-3, 107-109",84.951,,
"361-U1475C-9H-3, 111-113",84.991,,
"361-U1475C-9H-3, 115-117",85.031,,
"361-U1475C-9H-3, 119-121",85.071,,
"361-U1475C-9H-3, 123-125",85.111,,
"361-U1475C-9H-3, 127-129",85.151,,
"361-U1475C-9H-3, 131-133",85.191,,
"361-U1475C-9H-3, 135-137",85.231,,
"361-U1475C-9H-3, 139-141",85.271,,
"361-U1475C-9H-3, 143-145",85.311,,
"361-U1475C-9H-3, 147-149",85.351,,
"361-U1475C-9H-4, 3-5",85.411,,
"361-U1475C-9H-4, 7-9",85.451,,
"361-U1475C-9H-4, 11-13",85.491,,
"361-U1475C-9H-4, 15-17",85.531,,
"361-U1475C-9H-4, 19-21",85.571,,
"361-U1475C-9H-4, 23-25",85.611,,
"361-U1475C-9H-4, 27-29",85.651,,
"361-U1475C-9H-4, 31-33",85.691,,
"361-U1475C-9H-4, 35-37",85.731,,
"361-U1475C-9H-4, 39-41",85.771,,
"361-U1475C-9H-4, 43-45",85.811,,
"361-U1475C-9H-4, 47-49",85.851,,
"361-U1475C-9H-4, 51-53",85.891,,
"361-U1475C-9H-4, 55-57",85.931,,
"361-U1475C-9H-4, 59-61",85.971,,
"361-U1475C-9H-4, 63-65",86.011,,
"361-U1475C-9H-4, 67-69",86.051,,
"361-U1475C-9H-4, 71-73",86.091,,
"361-U1475C-9H-4, 75-77",86.131,,
"361-U1475C-9H-4, 79-81",86.171,,
"361-U1475C-9H-4, 83-85",86.211,,
"361-U1475C-9H-4, 87-89",86.251,,
"361-U1475C-9H-4, 91-93",86.291,,
"361-U1475C-9H-4, 95-97",86.331,,
"361-U1475C-9H-4, 99-101",86.371,,
"361-U1475C-9H-4, 103-105",86.411,,
"361-U1475C-9H-4, 107-109",86.451,,
"361-U1475C-9H-4, 111-113",86.491,,
"361-U1475C-9H-4, 115-117",86.531,,
"361-U1475C-9H-4, 119-121",86.571,,
"361-U1475C-9H-4, 123-125",86.611,,
"361-U1475C-9H-4, 127-129",86.651,,
"361-U1475C-9H-4, 131-133",86.691,,
"361-U1475C-9H-4, 135-137",86.731,,
"361-U1475C-9H-4, 139-141",86.771,,
"361-U1475C-9H-4, 143-145",86.811,,
"361-U1475C-9H-4, 147-149",86.851,,
"361-U1475C-9H-5, 2-4",86.901,,
"361-U1475C-9H-5, 6-8",86.941,,
"361-U1475C-9H-5, 10-12",86.981,,
"361-U1475C-9H-5, 14-16",87.021,,
"361-U1475C-9H-5, 18-20",87.061,,
"361-U1475C-9H-5, 22-24",87.101,,
"361-U1475C-9H-5, 26-28",87.141,,
"361-U1475C-9H-5, 30-32",87.181,,
"361-U1475C-9H-5, 34-36",87.221,,
"361-U1475C-9H-5, 38-40",87.261,,
"361-U1475C-9H-5, 42-44",87.301,,
"361-U1475C-9H-5, 46-48",87.341,,
"361-U1475C-9H-5, 50-52",87.381,,
"361-U1475C-9H-5, 54-56",87.421,,
"361-U1475C-9H-5, 58-60",87.461,,
"361-U1475C-9H-5, 62-64",87.501,,
"361-U1475C-9H-5, 66-68",87.541,,
"361-U1475C-9H-5, 70-72",87.581,,
"361-U1475C-9H-5, 74-76",87.621,,
"361-U1475C-9H-5, 78-80",87.661,,
"361-U1475C-9H-5, 82-84",87.701,,
"361-U1475C-9H-5, 86-88",87.741,,
"361-U1475C-9H-5, 90-92",87.781,,
"361-U1475C-9H-5, 94-96",87.821,,
"361-U1475C-9H-5, 98-100",87.861,,
"361-U1475C-9H-5, 102-104",87.901,,
"361-U1475C-9H-5, 106-108",87.941,,
"361-U1475C-9H-5, 110-112",87.981,,
"361-U1475C-9H-5, 114-116",88.021,,
"361-U1475C-9H-5, 118-120",88.061,,
"361-U1475C-9H-5, 122-124",88.101,,
"361-U1475C-9H-5, 126-128",88.141,,
"361-U1475C-9H-5, 130-132",88.181,,
"361-U1475C-9H-5, 134-136",88.221,,
"361-U1475C-9H-5, 138-140",88.261,,
"361-U1475C-9H-5, 142-144",88.301,,
"361-U1475C-9H-5, 146-148",88.341,,
"361-U1475C-9H-6, 4-6",88.421,,
"361-U1475C-9H-6, 8-10",88.461,,
"361-U1475C-9H-6, 12-14",88.501,,
"361-U1475C-9H-6, 16-18",88.541,,
"361-U1475C-9H-6, 20-22",88.581,,
"361-U1475C-9H-6, 24-26",88.621,,
"361-U1475C-9H-6, 28-30",88.661,,
"361-U1475C-9H-6, 32-34",88.701,,
"361-U1475C-9H-6, 36-38",88.741,,
"361-U1475C-9H-6, 44-46",88.821,,
"361-U1475C-9H-6, 48-49",88.856,,
"361-U1475C-9H-6, 52-54",88.901,,
"361-U1475C-9H-6, 56-58",88.941,,
"361-U1475C-9H-6, 60-62",88.981,,
"361-U1475C-9H-6, 64-66",89.021,,
"361-U1475C-9H-6, 68-70",89.061,,
"361-U1475C-9H-6, 72-74",89.101,,
"361-U1475C-9H-6, 76-78",89.141,,
"361-U1475C-9H-6, 80-82",89.181,,
"361-U1475C-9H-6, 84-86",89.221,,
"361-U1475B-10H-2, 94-96",89.275,,
"361-U1475B-10H-2, 98-100",89.315,,
"361-U1475B-10H-2, 102-104",89.355,,
"361-U1475B-10H-2, 106-108",89.395,,
"361-U1475B-10H-2, 110-112",89.435,,
"361-U1475B-10H-2, 114-116",89.475,,
"361-U1475B-10H-2, 118-120",89.515,,
"361-U1475B-10H-2, 122-124",89.555,,
"361-U1475B-10H-2, 126-128",89.595,,
"361-U1475B-10H-2, 130-132",89.635,,
"361-U1475B-10H-2, 134-136",89.675,,
"361-U1475B-10H-2, 138-140",89.715,,
"361-U1475B-10H-2, 142-144",89.755,,
"361-U1475B-10H-2, 146-148",89.795,,
"361-U1475B-10H-3, 4-6",89.875,,
"361-U1475B-10H-3, 8-10",89.915,,
"361-U1475B-10H-3, 12-14",89.955,,
"361-U1475B-10H-3, 16-18",89.995,,
"361-U1475B-10H-3, 20-22",90.035,,
"361-U1475B-10H-3, 24-26",90.075,,
"361-U1475B-10H-3, 28-30",90.115,,
"361-U1475B-10H-3, 32-34",90.155,,
"361-U1475B-10H-3, 36-38",90.195,,
"361-U1475B-10H-3, 40-42",90.235,,
"361-U1475B-10H-3, 44-46",90.275,,
"361-U1475B-10H-3, 48-50",90.315,,
"361-U1475B-10H-3, 52-54",90.355,,
"361-U1475B-10H-3, 56-58",90.395,,
"361-U1475B-10H-3, 60-62",90.435,,
"361-U1475B-10H-3, 64-66",90.475,,
"361-U1475B-10H-3, 68-70",90.515,,
"361-U1475B-10H-3, 72-74",90.555,,
"361-U1475B-10H-3, 76-78",90.595,,
"361-U1475B-10H-3, 80-82",90.635,,
"361-U1475B-10H-3, 84-86",90.675,,
"361-U1475B-10H-3, 88-90",90.715,,
"361-U1475B-10H-3, 92-94",90.755,,
"361-U1475B-10H-3, 96-98",90.795,,
"361-U1475B-10H-3, 100-102",90.835,,
"361-U1475B-10H-3, 104-106",90.875,,
"361-U1475E-10H-1, 98-100",90.919,,
"361-U1475E-10H-1, 102-104",90.959,,
"361-U1475E-10H-1, 106-108",90.999,,
"361-U1475E-10H-1, 110-112",91.039,,
"361-U1475E-10H-1, 114-116",91.079,,
"361-U1475E-10H-1, 118-120",91.119,,
"361-U1475E-10H-1, 122-124",91.159,,
"361-U1475E-10H-1, 126-128",91.199,,
"361-U1475E-10H-1, 130-132",91.239,,
"361-U1475E-10H-1, 134-136",91.279,,
"361-U1475E-10H-1, 138-140",91.319,,
"361-U1475E-10H-1, 142-144",91.359,,
"361-U1475E-10H-1, 146-148",91.399,,
"361-U1475E-10H-2, 0-2",91.439,,
"361-U1475E-10H-2, 4-6",91.479,,
"361-U1475E-10H-2, 8-10",91.519,,
"361-U1475E-10H-2, 12-14",91.559,,
"361-U1475E-10H-2, 16-18",91.599,,
"361-U1475E-10H-2, 20-22",91.639,,
"361-U1475E-10H-2, 24-26",91.679,,
"361-U1475E-10H-2, 28-30",91.719,,
"361-U1475E-10H-2, 32-34",91.759,,
"361-U1475E-10H-2, 36-38",91.799,,
"361-U1475E-10H-2, 40-42",91.839,,
"361-U1475E-10H-2, 44-46",91.879,,
"361-U1475E-10H-2, 48-50",91.919,,
"361-U1475E-10H-2, 52-54",91.959,,
"361-U1475E-10H-2, 56-58",91.999,,
"361-U1475E-10H-2, 60-62",92.039,,
"361-U1475E-10H-2, 64-66",92.079,,
"361-U1475E-10H-2, 68-70",92.119,,
"361-U1475E-10H-2, 72-74",92.159,,
"361-U1475E-10H-2, 76-78",92.199,,
"361-U1475E-10H-2, 80-82",92.239,,
"361-U1475E-10H-2, 84-86",92.279,,
"361-U1475E-10H-2, 88-90",92.319,,
"361-U1475E-10H-2, 92-94",92.359,,
"361-U1475E-10H-2, 96-98",92.399,,
"361-U1475E-10H-2, 100-102",92.439,,
"361-U1475E-10H-2, 104-106",92.479,,
"361-U1475E-10H-2, 108-110",92.519,,
"361-U1475E-10H-2, 112-114",92.559,,
"361-U1475E-10H-2, 116-118",92.599,,
"361-U1475E-10H-2, 120-122",92.639,,
"361-U1475E-10H-2, 124-126",92.679,,
"361-U1475E-10H-2, 128-130",92.719,,
"361-U1475E-10H-2, 132-134",92.759,,
"361-U1475E-10H-2, 136-138",92.799,,
"361-U1475E-10H-2, 140-142",92.839,,
"361-U1475E-10H-2, 144-146",92.879,,
"361-U1475E-10H-2, 148-150",92.919,,
"361-U1475E-10H-3, 2-4",92.959,,
"361-U1475E-10H-3, 6-8",92.999,,
"361-U1475E-10H-3, 10-12",93.039,,
"361-U1475E-10H-3, 14-16",93.079,,
"361-U1475E-10H-3, 18-20",93.119,,
"361-U1475E-10H-3, 22-24",93.159,,
"361-U1475E-10H-3, 26-28",93.199,,
"361-U1475E-10H-3, 30-32",93.239,,
"361-U1475E-10H-3, 34-36",93.279,,
"361-U1475E-10H-3, 38-40",93.319,,
"361-U1475E-10H-3, 42-44",93.359,,
"361-U1475E-10H-3, 46-48",93.399,,
"361-U1475E-10H-3, 50-52",93.439,,
"361-U1475E-10H-3, 54-56",93.479,,
"361-U1475E-10H-3, 58-60",93.519,,
"361-U1475E-10H-3, 62-64",93.559,,
"361-U1475E-10H-3, 66-68",93.599,,
"361-U1475E-10H-3, 70-72",93.639,,
"361-U1475E-10H-3, 74-76",93.679,,
"361-U1475E-10H-3, 78-80",93.719,,
"361-U1475E-10H-3, 82-84",93.759,,
"361-U1475E-10H-3, 86-88",93.799,,
"361-U1475E-10H-3, 90-92",93.839,,
"361-U1475E-10H-3, 94-96",93.879,,
"361-U1475E-10H-3, 98-100",93.919,,
"361-U1475E-10H-3, 102-104",93.959,,
"361-U1475E-10H-3, 106-108",93.999,,
"361-U1475E-10H-3, 110-112",94.039,,
"361-U1475E-10H-3, 114-116",94.079,,
"361-U1475E-10H-3, 118-120",94.119,,
"361-U1475E-10H-3, 122-124",94.159,,
"361-U1475E-10H-3, 126-128",94.199,,
"361-U1475E-10H-3, 130-132",94.239,,
"361-U1475E-10H-3, 134-136",94.279,,
"361-U1475E-10H-3, 138-140",94.319,,
"361-U1475E-10H-3, 142-144",94.359,,
"361-U1475E-10H-3, 146-148",94.399,,
"361-U1475E-10H-4, 0-2",94.439,,
"361-U1475E-10H-4, 4-6",94.479,,
"361-U1475E-10H-4, 8-10",94.519,,
"361-U1475E-10H-4, 12-14",94.559,,
"361-U1475E-10H-4, 16-18",94.599,,
"361-U1475E-10H-4, 20-22",94.639,,
"361-U1475E-10H-4, 24-26",94.679,,
"361-U1475E-10H-4, 28-30",94.719,,
"361-U1475E-10H-4, 32-34",94.759,,
"361-U1475E-10H-4, 36-38",94.799,,
"361-U1475E-10H-4, 40-42",94.839,,
"361-U1475E-10H-4, 44-46",94.879,,
"361-U1475E-10H-4, 48-50",94.919,,
"361-U1475E-10H-4, 52-54",94.959,,
"361-U1475E-10H-4, 56-58",94.999,,
"361-U1475E-10H-4, 60-62",95.039,,
"361-U1475E-10H-4, 64-66",95.079,,
"361-U1475E-10H-4, 68-70",95.119,,
"361-U1475E-10H-4, 72-74",95.159,,
"361-U1475E-10H-4, 76-78",95.199,,
"361-U1475E-10H-4, 80-82",95.239,,
"361-U1475E-10H-4, 84-86",95.279,,
"361-U1475E-10H-4, 88-90",95.319,,
"361-U1475E-10H-4, 92-94",95.359,,
"361-U1475E-10H-4, 96-98",95.399,,
"361-U1475E-10H-4, 100-102",95.439,,
"361-U1475E-10H-4, 104-106",95.479,,
"361-U1475E-10H-4, 108-110",95.519,,
"361-U1475E-10H-4, 112-114",95.559,,
"361-U1475E-10H-4, 116-118",95.599,,
"361-U1475E-10H-4, 120-122",95.639,,
"361-U1475E-10H-4, 124-126",95.679,,
"361-U1475E-10H-4, 128-130",95.719,,
"361-U1475E-10H-4, 132-134",95.759,,
"361-U1475E-10H-4, 136-138",95.799,,
"361-U1475E-10H-4, 140-142",95.839,,
"361-U1475E-10H-4, 144-146",95.879,,
"361-U1475E-10H-4, 148-150",95.919,,
"361-U1475E-10H-5, 2-4",95.959,,
"361-U1475E-10H-5, 6-8",95.999,,
"361-U1475E-10H-5, 10-12",96.039,,
"361-U1475E-10H-5, 14-16",96.079,,
"361-U1475E-10H-5, 18-20",96.119,,
"361-U1475E-10H-5, 22-24",96.159,,
"361-U1475E-10H-5, 26-28",96.199,,
"361-U1475E-10H-5, 30-32",96.239,,
"361-U1475E-10H-5, 34-36",96.279,,
"361-U1475E-10H-5, 38-40",96.319,,
"361-U1475E-10H-5, 42-44",96.359,,
"361-U1475E-10H-5, 46-48",96.399,,
"361-U1475E-10H-5, 50-52",96.439,,
"361-U1475E-10H-5, 54-56",96.479,,
"361-U1475E-10H-5, 58-60",96.519,,
"361-U1475E-10H-5, 62-64",96.559,,
"361-U1475E-10H-5, 66-68",96.599,,
"361-U1475E-10H-5, 70-72",96.639,,
"361-U1475E-10H-5, 74-76",96.679,,
"361-U1475E-10H-5, 78-80",96.719,,
"361-U1475E-10H-5, 82-84",96.759,,
"361-U1475E-10H-5, 86-88",96.799,,
"361-U1475E-10H-5, 90-92",96.839,,
"361-U1475E-10H-5, 94-96",96.879,,
"361-U1475E-10H-5, 98-100",96.919,,
"361-U1475E-10H-5, 102-104",96.959,,
"361-U1475E-10H-5, 106-108",96.999,,
"361-U1475E-10H-5, 110-112",97.039,,
"361-U1475E-10H-5, 114-116",97.079,,
"361-U1475E-10H-5, 118-120",97.119,,
"361-U1475E-10H-5, 122-124",97.159,,
"361-U1475E-10H-5, 126-128",97.199,,
"361-U1475E-10H-5, 130-132",97.239,,
"361-U1475E-10H-5, 134-136",97.279,,
"361-U1475E-10H-5, 138-140",97.319,,
"361-U1475E-10H-5, 142-144",97.359,,
"361-U1475E-10H-5, 146-148",97.399,,
"361-U1475E-10H-6, 0-2",97.439,,
"361-U1475E-10H-6, 4-6",97.479,,
"361-U1475E-10H-6, 8-10",97.519,,
"361-U1475E-10H-6, 12-14",97.559,,
"361-U1475E-10H-6, 16-18",97.599,,
"361-U1475E-10H-6, 20-22",97.639,,
"361-U1475E-10H-6, 24-26",97.679,,
"361-U1475E-10H-6, 28-30",97.719,,
"361-U1475E-10H-6, 32-34",97.759,,
"361-U1475E-10H-6, 36-38",97.799,,
"361-U1475E-10H-6, 44-46",97.879,,
"361-U1475E-10H-6, 48-50",97.919,,
"361-U1475E-10H-6, 52-54",97.959,,
"361-U1475E-10H-6, 56-58",97.999,,
"361-U1475E-10H-6, 64-66",98.079,,
"361-U1475E-10H-6, 68-70",98.119,,
"361-U1475E-10H-6, 72-74",98.159,,
"361-U1475E-10H-6, 76-78",98.199,,
"361-U1475E-10H-6, 80-82",98.239,,
"361-U1475E-10H-6, 84-86",98.279,,
"361-U1475E-10H-6, 88-90",98.319,,
"361-U1475E-10H-6, 92-94",98.359,,
"361-U1475E-10H-6, 96-98",98.399,,
"361-U1475C-10H-5, 4-6",98.411,,
"361-U1475C-10H-5, 8-10",98.451,,
"361-U1475C-10H-5, 12-14",98.491,,
"361-U1475C-10H-5, 16-18",98.531,,
"361-U1475C-10H-5, 20-22",98.571,,
"361-U1475C-10H-5, 24-26",98.611,,
"361-U1475C-10H-5, 28-30",98.651,,
"361-U1475C-10H-5, 32-34",98.691,,
"361-U1475C-10H-5, 36-38",98.731,,
"361-U1475C-10H-5, 40-42",98.771,,
"361-U1475C-10H-5, 44-46",98.811,,
"361-U1475C-10H-5, 48-50",98.851,,
"361-U1475C-10H-5, 52-54",98.891,,
"361-U1475C-10H-5, 56-58",98.931,,
"361-U1475C-10H-5, 64-66",99.011,,
"361-U1475C-10H-5, 68-70",99.051,,
"361-U1475C-10H-5, 72-74",99.091,,
"361-U1475C-10H-5, 76-78",99.131,,
"361-U1475C-10H-5, 80-82",99.171,,
"361-U1475C-10H-5, 84-86",99.211,,
"361-U1475C-10H-5, 88-90",99.251,,
"361-U1475C-10H-5, 92-94",99.291,,
"361-U1475C-10H-5, 96-98",99.331,,
"361-U1475C-10H-5, 100-102",99.371,,
"361-U1475C-10H-5, 104-106",99.411,,
"361-U1475C-10H-5, 108-110",99.451,,
"361-U1475C-10H-5, 112-114",99.491,,
"361-U1475C-10H-5, 116-118",99.531,,
"361-U1475C-10H-5, 120-122",99.571,,
"361-U1475C-10H-5, 124-126",99.611,,
"361-U1475C-10H-5, 128-130",99.651,,
"361-U1475C-10H-5, 132-134",99.691,,
"361-U1475C-10H-5, 136-138",99.731,,
"361-U1475C-10H-5, 140-142",99.771,,
"361-U1475C-10H-5, 144-146",99.811,,
"361-U1475C-10H-5, 148-150",99.851,,
"361-U1475C-10H-6, 2-4",99.891,,
"361-U1475C-10H-6, 6-8",99.931,,
"361-U1475C-10H-6, 10-12",99.971,,
"361-U1475C-10H-6, 14-16",100.011,,
"361-U1475C-10H-6, 18-20",100.051,,
"361-U1475C-10H-6, 22-24",100.091,,
"361-U1475C-10H-6, 26-28",100.131,,
"361-U1475C-10H-6, 30-32",100.171,,
"361-U1475C-10H-6, 34-36",100.211,,
"361-U1475C-10H-6, 38-40",100.251,,
"361-U1475C-10H-6, 42-44",100.291,,
"361-U1475C-10H-6, 46-48",100.331,,
"361-U1475C-10H-6, 50-52",100.371,,
"361-U1475C-10H-6, 54-56",100.411,,
"361-U1475C-10H-6, 58-60",100.451,,
"361-U1475C-10H-6, 62-64",100.491,,
"361-U1475C-10H-6, 66-68",100.531,,
"361-U1475C-10H-6, 70-72",100.571,,
"361-U1475C-10H-6, 74-76",100.611,,
"361-U1475C-10H-6, 78-80",100.651,,
"361-U1475C-10H-6, 82-84",100.691,,
"361-U1475C-10H-6, 86-88",100.731,,
"361-U1475C-10H-6, 91-92",100.776,,
"361-U1475C-10H-6, 94-96",100.811,,
"361-U1475C-10H-6, 98-100",100.851,,
"361-U1475C-10H-6, 102-104",100.891,,
"361-U1475C-10H-6, 106-108",100.931,,
"361-U1475C-10H-6, 110-112",100.971,,
"361-U1475C-10H-6, 114-116",101.011,,
"361-U1475C-10H-6, 118-120",101.051,,
"361-U1475C-10H-7, 0-2",101.081,,
"361-U1475C-10H-7, 10-12",101.181,,
"361-U1475C-10H-7, 20-22",101.281,,
"361-U1475C-10H-7, 30-32",101.381,,
"361-U1475C-10H-7, 40-42",101.481,,
"361-U1475B-11H-3, 51-53",101.551,,
"361-U1475B-11H-3, 61-63",101.651,,
"361-U1475B-11H-3, 71-73",101.751,,
"361-U1475B-11H-3, 81-83",101.851,,
"361-U1475B-11H-3, 91-93",101.951,,
"361-U1475B-11H-3, 102-104",102.061,,
"361-U1475B-11H-3, 111-113",102.151,,
"361-U1475B-11H-3, 121-123",102.251,,
"361-U1475B-11H-3, 131-133",102.351,,
"361-U1475B-11H-3, 141-143",102.451,,
"361-U1475B-11H-4, 1-3",102.551,,
"361-U1475B-11H-4, 11-13",102.651,,
"361-U1475B-11H-4, 21-23",102.751,,
"361-U1475B-11H-4, 31-33",102.851,,
"361-U1475B-11H-4, 41-43",102.951,,
"361-U1475B-11H-4, 51-53",103.051,,
"361-U1475B-11H-4, 61-63",103.151,,
"361-U1475B-11H-4, 71-73",103.251,,
"361-U1475B-11H-4, 81-83",103.351,,
"361-U1475B-11H-4, 91-93",103.451,,
"361-U1475B-11H-4, 102-104",103.561,,
"361-U1475B-11H-4, 111-113",103.651,,
"361-U1475B-11H-4, 122-124",103.761,,
"361-U1475B-11H-4, 131-133",103.851,,
"361-U1475B-11H-4, 141-143",103.951,,