,Depth [cm],Corrected Depth [cm],Age [kyr],Mean Sortable Silt [um],SS_dHolocene,dU_dhol_mccave,dU_dhol_mccave_2std,pct_dU_dHol_mccave,dU_dhol_culp
0,1,1,11.61038282,18.72,-1.396923076923077,-1.760123076923077,-0.25144615384615365,-6.944019577852554,-1.8299692307692308
1,2,2,11.61951429,20.48,0.36307692307692463,0.45747692307692506,0.06535384615384637,1.8048332823493503,0.4756307692307713
2,3,3,11.62864575,20.02,-0.09692307692307622,-0.12212307692307604,-0.01744615384615371,-0.48179871520342266,-0.12696923076922986
3,4,4,11.63777722,20.0,-0.1169230769230758,-0.1473230769230755,-0.02104615384615363,-0.5812174977057148,-0.1531692307692293
4,5,5,11.64690868,21.27,1.1530769230769238,1.452876923076924,0.2075538461538462,5.731875191189971,1.5105307692307701
5,6,6,11.65604015,20.67,0.5530769230769259,0.6968769230769266,0.09955384615384666,2.749311716121152,0.724530769230773
6,7,7,11.66517161,20.86,0.7430769230769236,0.9362769230769238,0.13375384615384622,3.6937901498929366,0.97343076923077
7,8,8,11.67430308,17.8,-2.316923076923075,-2.9193230769230745,-0.4170461538461536,-11.517283572958084,-3.0351692307692284
8,9,9,11.68343455,20.87,0.7530769230769252,0.9488769230769257,0.13555384615384647,3.7434995411440917,0.9865307692307721
9,10,10,11.69256601,20.33,0.2130769230769225,0.26847692307692234,0.03835384615384607,1.0591924135821325,0.27913076923076846
10,11,11,11.70661148,20.62,0.5030769230769252,0.6338769230769258,0.09055384615384643,2.500764759865413,0.6590307692307721
11,12,12,11.72065694,19.96,-0.15692307692307494,-0.19772307692307442,-0.028246153846153504,-0.7800550627102992,-0.20556923076922817
12,13,13,11.73470241,21.14,1.0230769230769248,1.2890769230769252,0.18415384615384633,5.085653104925062,1.3402307692307716
13,14,14,11.74874787,20.84,0.7230769230769241,0.9110769230769243,0.13015384615384618,3.594371367390645,0.9472307692307705
14,15,15,11.76279334,20.42,0.3030769230769259,0.38187692307692667,0.05455384615384662,1.5065769348424736,0.39703076923077296
15,16,16,11.7768388,19.83,-0.2869230769230775,-0.36152307692307767,-0.0516461538461539,-1.4262771489752248,-0.37586923076923157
16,17,17,11.79088427,21.56,1.443076923076923,1.818276923076923,0.259753846153846,7.173447537473233,1.8904307692307691
17,18,18,11.80492973,20.62,0.5030769230769252,0.6338769230769258,0.09055384615384643,2.500764759865413,0.6590307692307721
18,19,19,11.8189752,19.29,-0.8269230769230766,-1.0419230769230765,-0.14884615384615385,-4.110584276537166,-1.0832692307692304
19,20,20,11.83302066,19.71,-0.40692307692307494,-0.5127230769230744,-0.07324615384615352,-2.0227898439889773,-0.5330692307692282
20,21,21,11.85920413,19.46,-0.6569230769230749,-0.8277230769230745,-0.11824615384615345,-3.2655246252676564,-0.8605692307692282
21,22,22,11.88538759,20.16,0.043076923076924345,0.05427692307692467,0.007753846153846382,0.21413276231264014,0.056430769230770894
22,23,23,11.91157106,20.33,0.2130769230769225,0.26847692307692234,0.03835384615384607,1.0591924135821325,0.27913076923076846
23,24,24,11.93775452,20.01,-0.10692307692307423,-0.13472307692307353,-0.019246153846153358,-0.5315081064545599,-0.14006923076922725
24,25,25,11.96393799,19.58,-0.5369230769230775,-0.6765230769230777,-0.09664615384615394,-2.6690119302539035,-0.7033692307692315
25,26,26,11.99012146,18.49,-1.6269230769230774,-2.0499230769230774,-0.292846153846154,-8.087335576628941,-2.1312692307692314
26,27,27,12.01630492,21.27,1.1530769230769238,1.452876923076924,0.2075538461538462,5.731875191189971,1.5105307692307701
27,28,28,12.04248839,20.27,0.15307692307692378,0.19287692307692397,0.027553846153846262,0.760936066075256,0.20053076923077015
28,29,29,12.06867185,21.61,1.4930769230769236,1.8812769230769237,0.2687538461538461,7.421994493728973,1.9559307692307701
29,30,30,12.09485532,19.58,-0.5369230769230775,-0.6765230769230777,-0.09664615384615394,-2.6690119302539035,-0.7033692307692315
30,31,31,12.12103878,20.43,0.3130769230769239,0.3944769230769241,0.05635384615384631,1.5562863260936108,0.41013076923077035
31,32,32,12.14722225,20.91,0.7930769230769243,0.9992769230769247,0.14275384615384623,3.942337106148676,1.038930769230771
32,33,33,12.17340571,21.64,1.5230769230769248,1.9190769230769251,0.27415384615384664,7.571122667482419,1.9952307692307716
33,34,34,12.19958918,21.29,1.1730769230769234,1.4780769230769235,0.21115384615384603,5.831293973692262,1.5367307692307697
34,35,35,12.22577264,20.83,0.7130769230769225,0.8984769230769224,0.12835384615384593,3.5446619761394897,0.9341307692307685
35,36,36,12.25195611,21.37,1.2530769230769252,1.5788769230769257,0.22555384615384644,6.2289691037014485,1.6415307692307721
36,37,37,12.27813957,21.4,1.2830769230769228,1.6166769230769227,0.23095384615384607,6.378097277454878,1.680830769230769
37,38,38,12.30432304,21.05,0.9330769230769249,1.1756769230769255,0.16795384615384634,4.638268583664739,1.2223307692307717
38,39,39,12.3305065,21.35,1.2330769230769256,1.5536769230769263,0.2219538461538466,6.129550321199156,1.6153307692307726
39,40,40,12.35668997,20.46,0.34307692307692506,0.43227692307692556,0.06175384615384649,1.7054144998470582,0.44943076923077185
40,41,41,12.50360547,,,,,,
41,42,42,12.65052097,20.84,0.7230769230769241,0.9110769230769243,0.13015384615384618,3.594371367390645,0.9472307692307705
42,43,43,12.79743647,21.3,1.183076923076925,1.4906769230769255,0.21295384615384627,5.8810033649434175,1.5498307692307718
43,44,44,12.94435198,20.96,0.8430769230769251,1.0622769230769256,0.15175384615384657,4.1908840624044155,1.1044307692307718
44,45,45,13.09126748,21.48,1.3630769230769246,1.7174769230769251,0.24535384615384626,6.775772407464064,1.7856307692307714
45,46,46,13.23818298,20.99,0.8730769230769226,1.1000769230769225,0.15715384615384598,4.340012236157845,1.1437307692307688
46,47,47,13.38509848,21.5,1.3830769230769242,1.7426769230769246,0.2489538461538463,6.8751911899663565,1.8118307692307707
47,48,48,13.53201398,20.89,0.7730769230769248,0.9740769230769252,0.13915384615384652,3.8429183236463835,1.0127307692307714
48,49,49,13.67892948,19.32,-0.7969230769230755,-1.0041230769230751,-0.14344615384615356,-3.961456102783719,-1.043969230769229
49,50,50,13.82584498,20.86,0.7430769230769236,0.9362769230769238,0.13375384615384622,3.6937901498929366,0.97343076923077
50,51,51,13.97276049,18.82,-1.2969230769230755,-1.6341230769230752,-0.23344615384615341,-6.446925665341078,-1.698969230769229
51,52,52,14.11967599,19.53,-0.5869230769230747,-0.7395230769230741,-0.10564615384615339,-2.917558886509625,-0.7688692307692279
52,53,53,14.26659149,20.97,0.8530769230769231,1.074876923076923,0.15355384615384615,4.240593453655552,1.1175307692307692
53,54,54,14.41350699,20.99,0.8730769230769226,1.1000769230769225,0.15715384615384598,4.340012236157845,1.1437307692307688
54,55,55,14.56042249,20.99,0.8730769230769226,1.1000769230769225,0.15715384615384598,4.340012236157845,1.1437307692307688
55,56,56,14.70733799,21.13,1.0130769230769232,1.2764769230769233,0.1823538461538461,5.035943713673908,1.3271307692307694
56,57,57,14.8542535,20.48,0.36307692307692463,0.45747692307692506,0.06535384615384637,1.8048332823493503,0.4756307692307713
57,58,58,15.001169,20.17,0.05307692307692591,0.06687692307692665,0.009553846153846648,0.2638421535637951,0.06953076923077295
58,59,59,15.1480845,19.96,-0.15692307692307494,-0.19772307692307442,-0.028246153846153504,-0.7800550627102992,-0.20556923076922817
59,60,60,15.295,21.0,0.8830769230769242,1.1126769230769245,0.15895384615384645,4.389721627408999,1.1568307692307707
60,61,61,15.38206667,21.19,1.0730769230769255,1.352076923076926,0.19315384615384668,5.334200061180802,1.4057307692307723
61,62,62,15.46913333,20.89,0.7730769230769248,0.9740769230769252,0.13915384615384652,3.8429183236463835,1.0127307692307714
62,63,63,15.5562,19.65,-0.4669230769230772,-0.5883230769230773,-0.08404615384615388,-2.321046191495872,-0.6116692307692312
63,64,64,15.64326667,,,,,,
64,65,65,15.73033333,20.24,0.12307692307692264,0.15507692307692253,0.022153846153846052,0.6118078923218089,0.16123076923076868
65,66,66,15.8174,19.17,-0.9469230769230741,-1.1931230769230734,-0.17044615384615325,-4.707096971550919,-1.240469230769227
66,67,67,15.90446667,20.28,0.16307692307692534,0.20547692307692592,0.029353846153846563,0.8106454573264107,0.2136307692307722
67,68,68,15.99153333,21.4,1.2830769230769228,1.6166769230769227,0.23095384615384607,6.378097277454878,1.680830769230769
68,69,69,16.0786,20.4,0.2830769230769228,0.3566769230769227,0.05095384615384607,1.407158152340164,0.37083076923076885
69,70,70,16.16566667,20.59,0.47307692307692406,0.5960769230769243,0.08515384615384636,2.351636586111966,0.6197307692307705
70,71,71,16.25273333,,,,,,
71,72,72,16.3398,20.52,0.4030769230769238,0.507876923076924,0.07255384615384619,2.0036708473539346,0.5280307692307702
72,73,73,16.42686667,20.82,0.7030769230769245,0.8858769230769249,0.12655384615384635,3.494952584888352,0.9210307692307711
73,74,74,16.51393333,20.35,0.23307692307692562,0.2936769230769263,0.04195384615384662,1.1586111960844423,0.30533076923077257
74,75,75,16.601,19.2,-0.9169230769230765,-1.1553230769230765,-0.16504615384615362,-4.55796879779749,-1.2011692307692303
75,76,76,16.6962,20.58,0.4630769230769225,0.5834769230769223,0.083353846153846,2.301927194860811,0.6066307692307685
76,77,77,16.7914,19.57,-0.5469230769230755,-0.6891230769230752,-0.09844615384615352,-2.7187213215050408,-0.716469230769229
77,78,78,16.8866,20.15,0.03307692307692278,0.0416769230769227,0.005953846153846101,0.16442337106148522,0.04333076923076885
78,79,79,16.9818,20.02,-0.09692307692307622,-0.12212307692307604,-0.01744615384615371,-0.48179871520342266,-0.12696923076922986
79,80,80,17.077,20.29,0.17307692307692335,0.21807692307692342,0.0311538461538462,0.860354848577548,0.2267307692307696
80,81,81,17.1722,19.89,-0.22692307692307523,-0.2859230769230748,-0.04084615384615353,-1.1280208014683304,-0.29726923076922857
81,82,82,17.2674,19.93,-0.18692307692307608,-0.23552307692307586,-0.03364615384615369,-0.9291832364637462,-0.24486923076922967
82,83,83,17.3626,20.92,0.8030769230769259,1.0118769230769267,0.1445538461538467,3.992046497399831,1.0520307692307729
83,84,84,17.4578,20.13,0.013076923076923208,0.016476923076923243,0.002353846153846175,0.06500458855919308,0.017130769230769404
84,85,85,17.553,20.46,0.34307692307692506,0.43227692307692556,0.06175384615384649,1.7054144998470582,0.44943076923077185
85,86,86,17.601,20.57,0.4530769230769245,0.5708769230769248,0.08155384615384642,2.252217803609674,0.5935307692307711
86,87,87,17.649,19.77,-0.3469230769230762,-0.43712307692307606,-0.06244615384615371,-1.7245334964821013,-0.45446923076922985
87,88,88,17.697,20.16,0.043076923076924345,0.05427692307692467,0.007753846153846382,0.21413276231264014,0.056430769230770894
88,89,89,17.745,19.61,-0.5069230769230764,-0.6387230769230762,-0.09124615384615375,-2.519883756500456,-0.6640692307692301
89,90,90,17.793,,,,,,
90,91,91,17.841,20.63,0.5130769230769232,0.6464769230769233,0.09235384615384612,2.5504741511165503,0.6721307692307694
91,92,92,17.889,20.1,-0.016923076923074376,-0.021323076923073715,-0.0030461538461533863,-0.08412358519423635,-0.022169230769227433
92,93,93,17.937,19.96,-0.15692307692307494,-0.19772307692307442,-0.028246153846153504,-0.7800550627102992,-0.20556923076922817
93,94,94,17.985,19.33,-0.7869230769230775,-0.9915230769230776,-0.14164615384615398,-3.9117467115325812,-1.0308692307692315
94,95,95,18.033,20.99,0.8730769230769226,1.1000769230769225,0.15715384615384598,4.340012236157845,1.1437307692307688
95,96,96,18.081,20.98,0.8630769230769246,1.087476923076925,0.1553538461538464,4.290302844906707,1.1306307692307713
96,97,97,18.129,20.36,0.24307692307692363,0.3062769230769238,0.043753846153846254,1.2083205873355796,0.31843076923076996
97,98,98,18.177,20.93,0.8130769230769239,1.0244769230769242,0.14635384615384628,4.041755888650968,1.0651307692307703
98,99,99,18.225,20.15,0.03307692307692278,0.0416769230769227,0.005953846153846101,0.16442337106148522,0.04333076923076885
99,100,100,18.273,19.8,-0.3169230769230751,-0.3993230769230746,-0.05704615384615347,-1.575405322728654,-0.4151692307692284
100,101,101,18.4097,20.42,0.3030769230769259,0.38187692307692667,0.05455384615384662,1.5065769348424736,0.39703076923077296
101,102,102,18.5464,19.98,-0.13692307692307537,-0.17252307692307497,-0.02464615384615354,-0.680636280208007,-0.17936923076922875
102,103,103,18.6831,20.31,0.19307692307692292,0.2432769230769229,0.034753846153846135,0.9597736310798402,0.252930769230769
103,104,104,18.8198,20.26,0.14307692307692577,0.18027692307692647,0.025753846153846627,0.7112266748241187,0.18743076923077276
104,105,105,18.9565,20.78,0.6630769230769253,0.8354769230769259,0.11935384615384659,3.296115019883768,0.8686307692307722
105,106,106,19.0932,21.63,1.5130769230769232,1.9064769230769232,0.27235384615384617,7.521413276231264,1.9821307692307695
106,107,107,19.2299,21.21,1.093076923076925,1.3772769230769255,0.1967538461538465,5.433618843683093,1.431930769230772
107,108,108,19.3666,20.91,0.7930769230769243,0.9992769230769247,0.14275384615384623,3.942337106148676,1.038930769230771
108,109,109,19.5033,21.04,0.9230769230769234,1.1630769230769233,0.16615384615384632,4.588559192413584,1.2092307692307696
109,110,110,19.64,21.17,1.053076923076926,1.3268769230769266,0.18955384615384663,5.2347812786785095,1.379530769230773
110,111,111,19.73206667,20.94,0.8230769230769255,1.0370769230769261,0.14815384615384652,4.091465279902122,1.0782307692307724
111,112,112,19.82413333,20.84,0.7230769230769241,0.9110769230769243,0.13015384615384618,3.594371367390645,0.9472307692307705
112,113,113,19.9162,,,,,,
113,114,114,20.00826667,21.51,1.3930769230769258,1.7552769230769265,0.2507538461538463,6.924900581217512,1.8249307692307728
114,115,115,20.10033333,22.72,2.603076923076923,3.279876923076923,0.4685538461538461,12.9397369226063,3.410030769230769
115,116,116,20.1924,20.05,-0.06692307692307509,-0.08432307692307461,-0.012046153846153512,-0.3326705414499756,-0.08766923076922836
116,117,117,20.28446667,20.9,0.7830769230769228,0.9866769230769227,0.1409538461538461,3.892627714897521,1.0258307692307689
117,118,118,20.37653333,20.57,0.4530769230769245,0.5708769230769248,0.08155384615384642,2.252217803609674,0.5935307692307711
118,119,119,20.4686,20.97,0.8530769230769231,1.074876923076923,0.15355384615384615,4.240593453655552,1.1175307692307692
119,120,120,20.56066667,20.1,-0.016923076923074376,-0.021323076923073715,-0.0030461538461533863,-0.08412358519423635,-0.022169230769227433
120,121,121,20.65273333,20.39,0.27307692307692477,0.3440769230769252,0.04915384615384644,1.3574487610890267,0.35773076923077146
121,122,122,20.7448,20.26,0.14307692307692577,0.18027692307692647,0.025753846153846627,0.7112266748241187,0.18743076923077276
122,123,123,20.83686667,20.28,0.16307692307692534,0.20547692307692592,0.029353846153846563,0.8106454573264107,0.2136307692307722
123,124,124,20.92893333,22.07,1.9530769230769245,2.460876923076925,0.3515538461538461,9.708626491281745,2.5585307692307713
124,125,125,21.021,21.77,1.6530769230769238,2.082876923076924,0.2975538461538463,8.217344753747327,2.16553076923077
125,126,126,21.26713333,21.47,1.353076923076923,1.7048769230769232,0.243553846153846,6.72606301621291,1.7725307692307692
126,127,127,21.51326667,21.51,1.3930769230769258,1.7552769230769265,0.2507538461538463,6.924900581217512,1.8249307692307728
127,128,128,21.7594,22.12,2.003076923076925,2.5238769230769256,0.36055384615384645,9.957173447537484,2.6240307692307723
128,129,129,22.00553333,22.96,2.843076923076925,3.582276923076926,0.5117538461538458,14.132762312633846,3.724430769230772
129,130,130,22.25166667,23.83,3.7130769230769225,4.678476923076922,0.6683538461538463,18.457479351483634,4.864130769230768
130,131,131,22.4978,24.2,4.0830769230769235,5.144676923076924,0.7349538461538456,20.296726827776084,5.34883076923077
131,132,132,22.74393333,19.29,-0.8269230769230766,-1.0419230769230765,-0.14884615384615385,-4.110584276537166,-1.0832692307692304
132,133,133,22.99006667,,,,,,
133,134,134,23.2362,20.48,0.36307692307692463,0.45747692307692506,0.06535384615384637,1.8048332823493503,0.4756307692307713
134,135,135,23.48233333,,,,,,
135,136,136,23.72846667,20.38,0.2630769230769232,0.3314769230769232,0.04735384615384619,1.3077393698378716,0.3446307692307694
136,137,137,23.9746,,,,,,
137,138,138,24.22073333,21.46,1.343076923076925,1.6922769230769257,0.24175384615384643,6.676353624961773,1.7594307692307718
138,139,139,24.46686667,,,,,,
139,140,140,24.713,21.67,1.553076923076926,1.9568769230769267,0.2795538461538465,7.720250841235867,2.034530769230773
140,141,141,25.02646667,21.51,1.3930769230769258,1.7552769230769265,0.2507538461538463,6.924900581217512,1.8249307692307728
141,142,142,25.33993333,21.82,1.7030769230769245,2.145876923076925,0.3065538461538462,8.465891710003067,2.231030769230771
142,143,143,25.6534,,,,,,
143,144,144,25.96686667,20.89,0.7730769230769248,0.9740769230769252,0.13915384615384652,3.8429183236463835,1.0127307692307714
144,145,145,26.28033333,,,,,,
145,146,146,26.5938,22.16,2.0430769230769243,2.574276923076925,0.3677538461538461,10.15601101254207,2.676430769230771
146,147,147,26.90726667,,,,,,
147,148,148,27.22073333,20.32,0.2030769230769245,0.25587692307692483,0.03655384615384644,1.0094830223309952,0.26603076923077107
148,149,149,27.5342,,,,,,
149,150,150,27.84766667,21.01,0.8930769230769258,1.1252769230769264,0.1607538461538467,4.439431018660154,1.1699307692307728
150,151,151,28.16113333,18.01,-2.1069230769230742,-2.6547230769230734,-0.37924615384615334,-10.473386356683987,-2.7600692307692274
151,152,152,28.4746,21.66,1.5430769230769243,1.9442769230769248,0.277753846153846,7.670541449984712,2.021430769230771
152,153,153,28.78806667,,,,,,
153,154,154,29.10153333,22.24,2.1230769230769226,2.6750769230769227,0.38215384615384584,10.55368614255124,2.7812307692307687
154,155,155,29.415,,,,,,
155,156,156,29.72846667,22.81,2.693076923076923,3.393276923076923,0.48475384615384565,13.387121443866626,3.5279307692307693
156,157,157,30.04193333,,,,,,
157,158,158,30.3554,22.15,2.033076923076923,2.5616769230769227,0.36595384615384585,10.106301621290914,2.663330769230769
158,159,159,30.66886667,,,,,,
159,160,160,30.98233333,20.77,0.6530769230769238,0.822876923076924,0.11755384615384623,3.246405628632613,0.8555307692307702
160,161,161,31.2958,22.45,2.3330769230769235,2.9396769230769237,0.4199538461538461,11.597583358825332,3.0563307692307697
161,162,162,31.60926667,22.84,2.723076923076924,3.4310769230769242,0.4901538461538464,13.536249617620072,3.5672307692307705
162,163,163,31.92273333,,,,,,
163,164,164,32.2362,20.13,0.013076923076923208,0.016476923076923243,0.002353846153846175,0.06500458855919308,0.017130769230769404
164,165,165,32.54966667,,,,,,
165,166,166,32.86313333,23.31,3.193076923076923,4.0232769230769225,0.574753846153846,15.872591006423981,4.18293076923077
166,167,167,33.1766,,,,,,
167,168,168,33.49006667,23.74,3.6230769230769226,4.565076923076923,0.6521538461538459,18.01009483022331,4.746230769230769
168,169,169,33.80353333,,,,,,
169,170,170,34.117,22.75,2.633076923076924,3.3176769230769243,0.4739538461538464,13.088865096359747,3.449330769230771
170,171,171,34.38055,,,,,,
171,172,172,34.6441,23.28,3.1630769230769253,3.985476923076926,0.5693538461538465,15.723462832670554,4.143630769230772
172,173,173,34.90765,,,,,,
173,174,174,35.1712,21.6,1.4830769230769256,1.8686769230769262,0.26695384615384654,7.372285102477835,1.9428307692307727
174,175,175,35.43475,,,,,,
175,176,176,35.6983,23.59,3.473076923076924,4.3760769230769245,0.6251538461538457,17.264453961456113,4.549730769230771
176,177,177,35.96185,,,,,,
177,178,178,36.2254,22.92,2.803076923076926,3.5318769230769265,0.504553846153847,13.93392474762926,3.672030769230773
178,179,179,36.48895,,,,,,
179,180,180,36.7525,21.86,1.7430769230769236,2.196276923076924,0.31375384615384583,8.664729275007652,2.2834307692307703
180,181,181,37.01605,22.99,2.8730769230769226,3.6200769230769225,0.5171538461538461,14.281890486387272,3.7637307692307687
181,182,182,37.2796,23.32,3.2030769230769245,4.035876923076925,0.5765538461538462,15.92230039767514,4.196030769230771
182,183,183,37.54315,,,,,,
183,184,184,37.8067,22.67,2.553076923076926,3.2168769230769265,0.45955384615384665,12.69118996635058,3.344530769230773
184,185,185,38.07025,,,,,,
185,186,186,38.3338,23.38,3.263076923076923,4.111476923076923,0.5873538461538459,16.220556745182012,4.27463076923077
186,187,187,38.59735,,,,,,
187,188,188,38.8609,22.22,2.103076923076923,2.6498769230769232,0.3785538461538458,10.454267360048947,2.7550307692307694
188,189,189,39.12445,,,,,,
189,190,190,39.388,20.98,0.8630769230769246,1.087476923076925,0.1553538461538464,4.290302844906707,1.1306307692307713
190,191,191,39.54244286,21.38,1.2630769230769232,1.5914769230769232,0.22735384615384602,6.278678494952586,1.6546307692307696
191,192,192,39.69688571,21.15,1.0330769230769228,1.3016769230769227,0.18595384615384591,5.135362496176199,1.353330769230769
192,193,193,39.85132857,,,,,,
193,194,194,40.00577143,22.1,1.9830769230769256,2.498676923076926,0.35695384615384684,9.857754665035191,2.5978307692307725
194,195,195,40.16021429,,,,,,
195,196,196,40.31465714,22.8,2.683076923076925,3.3806769230769254,0.4829538461538463,13.337412052615488,3.514830769230772
196,197,197,40.4691,,,,,,
197,198,198,40.62354286,22.04,1.9230769230769234,2.4230769230769234,0.34615384615384626,9.559498317528298,2.5192307692307696
198,199,199,40.77798571,,,,,,
199,200,200,40.93242857,21.34,1.223076923076924,1.5410769230769243,0.22015384615384614,6.079840929948001,1.6022307692307707
200,201,201,41.08687143,22.58,2.4630769230769225,3.1034769230769226,0.44335384615384577,12.24380544509024,3.2266307692307685
201,202,202,41.24131429,22.25,2.133076923076924,2.6876769230769244,0.38395384615384653,10.603395533802392,2.7943307692307706
202,203,203,41.39575714,,,,,,
203,204,204,41.5502,21.26,1.1430769230769258,1.4402769230769266,0.2057538461538464,5.682165799938834,1.497430769230773
204,205,205,41.70464286,,,,,,
205,206,206,41.85908571,20.04,-0.07692307692307665,-0.09692307692307658,-0.013846153846153786,-0.3823799327011305,-0.10076923076923042
206,207,207,42.01352857,,,,,,
207,208,208,42.16797143,22.11,1.9930769230769236,2.511276923076924,0.3587538461538462,9.90746405628633,2.61093076923077
208,209,209,42.32241429,,,,,,
209,210,210,42.47685714,22.97,2.853076923076923,3.594876923076923,0.513553846153846,14.18247170388498,3.7375307692307693
210,211,211,42.6313,23.1,2.9830769230769256,3.7586769230769264,0.5369538461538461,14.828693790149908,3.9078307692307725
211,212,212,42.78574286,22.26,2.1430769230769258,2.7002769230769266,0.38575384615384634,10.653104925053547,2.807430769230773
212,213,213,42.94018571,,,,,,
213,214,214,43.09462857,22.01,1.8930769230769258,2.3852769230769266,0.3407538461538464,9.41037014377487,2.479930769230773
214,215,215,43.24907143,,,,,,
215,216,216,43.40351429,21.47,1.353076923076923,1.7048769230769232,0.243553846153846,6.72606301621291,1.7725307692307692
216,217,217,43.55795714,,,,,,
217,218,218,43.7124,20.89,0.7730769230769248,0.9740769230769252,0.13915384615384652,3.8429183236463835,1.0127307692307714
218,219,219,43.86684286,,,,,,
219,220,220,44.02128571,21.35,1.2330769230769256,1.5536769230769263,0.2219538461538466,6.129550321199156,1.6153307692307726
220,221,221,44.17572857,21.09,0.9730769230769241,1.2260769230769244,0.17515384615384622,4.837106148669323,1.2747307692307706
221,222,222,44.33017143,19.96,-0.15692307692307494,-0.19772307692307442,-0.028246153846153504,-0.7800550627102992,-0.20556923076922817
222,223,223,44.48461429,,,,,,
223,224,224,44.63905714,20.26,0.14307692307692577,0.18027692307692647,0.025753846153846627,0.7112266748241187,0.18743076923077276
224,225,225,44.7935,,,,,,
225,226,226,44.94794286,20.45,0.3330769230769235,0.4196769230769236,0.05995384615384619,1.6557051085959031,0.4363307692307698
226,227,227,45.10238571,,,,,,
227,228,228,45.25682857,20.06,-0.056923076923077076,-0.07172307692307711,-0.010246153846153877,-0.28296115019883833,-0.07456923076923097
228,229,229,45.41127143,,,,,,
229,230,230,45.56571429,20.85,0.7330769230769256,0.9236769230769263,0.13195384615384664,3.6440807586418,0.9603307692307727
230,231,231,45.72015714,20.12,0.0030769230769251976,0.003876923076925749,0.0005538461538465351,0.015295197308055819,0.004030769230772009
231,232,232,45.8746,21.4,1.2830769230769228,1.6166769230769227,0.23095384615384607,6.378097277454878,1.680830769230769
232,233,233,46.02904286,,,,,,
233,234,234,46.18348571,21.05,0.9330769230769249,1.1756769230769255,0.16795384615384634,4.638268583664739,1.2223307692307717
234,235,235,46.33792857,,,,,,
235,236,236,46.49237143,21.03,0.9130769230769253,1.1504769230769258,0.16435384615384652,4.5388498011624465,1.1961307692307723
236,237,237,46.64681429,,,,,,
237,238,238,46.80125714,21.11,0.9930769230769236,1.2512769230769238,0.17875384615384604,4.936524931171615,1.3009307692307701
238,239,239,46.9557,,,,,,
239,240,240,47.11014286,20.05,-0.06692307692307509,-0.08432307692307461,-0.012046153846153512,-0.3326705414499756,-0.08766923076922836
240,241,241,47.26458571,19.67,-0.4469230769230741,-0.5631230769230734,-0.08044615384615328,-2.2216274089935624,-0.5854692307692271
241,242,242,47.41902857,19.49,-0.6269230769230774,-0.7899230769230775,-0.11284615384615382,-3.1163964515142273,-0.8212692307692314
242,243,243,47.57347143,,,,,,
243,244,244,47.72791429,20.06,-0.056923076923077076,-0.07172307692307711,-0.010246153846153877,-0.28296115019883833,-0.07456923076923097
244,245,245,47.88235714,,,,,,
245,246,246,48.0368,21.13,1.0130769230769232,1.2764769230769233,0.1823538461538461,5.035943713673908,1.3271307692307694
246,247,247,48.19124286,,,,,,
247,248,248,48.34568571,20.61,0.49307692307692363,0.6212769230769238,0.08875384615384618,2.451055368614258,0.64593076923077
248,249,249,48.50012857,,,,,,
249,250,250,48.65457143,20.74,0.6230769230769226,0.7850769230769226,0.11215384615384605,3.097277454879166,0.8162307692307686
250,251,251,48.80901429,18.66,-1.4569230769230757,-1.8357230769230752,-0.2622461538461538,-7.242275925359431,-1.9085692307692292
251,252,252,48.96345714,20.61,0.49307692307692363,0.6212769230769238,0.08875384615384618,2.451055368614258,0.64593076923077
252,253,253,49.1179,,,,,,
253,254,254,49.27234286,20.29,0.17307692307692335,0.21807692307692342,0.0311538461538462,0.860354848577548,0.2267307692307696
254,255,255,49.42678571,,,,,,
255,256,256,49.58122857,21.68,1.563076923076924,1.9694769230769242,0.28135384615384607,7.769960232487004,2.0476307692307705
256,257,257,49.73567143,,,,,,
257,258,258,49.89011429,19.85,-0.2669230769230744,-0.3363230769230737,-0.04804615384615335,-1.326858366472915,-0.34966923076922746
258,259,259,50.04455714,,,,,,
259,260,260,50.199,20.1,-0.016923076923074376,-0.021323076923073715,-0.0030461538461533863,-0.08412358519423635,-0.022169230769227433
260,261,261,50.35344286,20.57,0.4530769230769245,0.5708769230769248,0.08155384615384642,2.252217803609674,0.5935307692307711
261,262,262,50.50788571,19.44,-0.6769230769230745,-0.8529230769230739,-0.12184615384615338,-3.3649434077699483,-0.8867692307692276
262,263,263,50.66232857,,,,,,
263,264,264,50.81677143,20.3,0.1830769230769249,0.2306769230769254,0.0329538461538465,0.9100642398287029,0.23983076923077165
264,265,265,50.97121429,20.92,0.8030769230769259,1.0118769230769267,0.1445538461538467,3.992046497399831,1.0520307692307729
265,266,266,51.12565714,21.63,1.5130769230769232,1.9064769230769232,0.27235384615384617,7.521413276231264,1.9821307692307695
266,267,267,51.2801,,,,,,
267,268,268,51.43454286,20.46,0.34307692307692506,0.43227692307692556,0.06175384615384649,1.7054144998470582,0.44943076923077185
268,269,269,51.58898571,,,,,,
269,270,270,51.74342857,19.57,-0.5469230769230755,-0.6891230769230752,-0.09844615384615352,-2.7187213215050408,-0.716469230769229
270,271,271,51.89787143,20.31,0.19307692307692292,0.2432769230769229,0.034753846153846135,0.9597736310798402,0.252930769230769
271,272,272,52.05231429,21.15,1.0330769230769228,1.3016769230769227,0.18595384615384591,5.135362496176199,1.353330769230769
272,273,273,52.20675714,,,,,,
273,274,274,52.3612,,,,,,
274,275,275,52.59882073,,,,,,
275,276,276,52.83644146,20.13,0.013076923076923208,0.016476923076923243,0.002353846153846175,0.06500458855919308,0.017130769230769404
276,277,277,53.0740622,,,,,,
277,278,278,53.31168293,,,,,,
278,279,279,53.54930366,,,,,,
279,280,280,53.78692439,20.75,0.6330769230769242,0.7976769230769245,0.1139538461538463,3.146986846130321,0.8293307692307708
280,281,281,54.02454512,21.07,0.9530769230769245,1.200876923076925,0.17155384615384617,4.737687366167032,1.2485307692307712
281,282,282,54.26216585,19.89,-0.22692307692307523,-0.2859230769230748,-0.04084615384615353,-1.1280208014683304,-0.29726923076922857
282,283,283,54.49978659,,,,,,
283,284,284,54.73740732,21.9,1.7830769230769228,2.246676923076923,0.3209538461538459,8.863566840012234,2.335830769230769
284,285,285,54.97502805,21.82,1.7030769230769245,2.145876923076925,0.3065538461538462,8.465891710003067,2.231030769230771
285,286,286,55.21264878,21.84,1.723076923076924,2.1710769230769245,0.3101538461538462,8.56531049250536,2.2572307692307705
286,287,287,55.45026951,,,,,,
287,288,288,55.68789024,22.02,1.9030769230769238,2.397876923076924,0.3425538461538462,9.460079535026006,2.4930307692307703
288,289,289,55.92551098,,,,,,
289,290,290,56.16313171,22.02,1.9030769230769238,2.397876923076924,0.3425538461538462,9.460079535026006,2.4930307692307703
290,291,291,56.40075244,19.89,-0.22692307692307523,-0.2859230769230748,-0.04084615384615353,-1.1280208014683304,-0.29726923076922857
291,292,292,56.63837317,22.06,1.943076923076923,2.448276923076923,0.3497538461538463,9.658917100030589,2.545430769230769
292,293,293,56.8759939,,,,,,
293,294,294,57.11361463,21.27,1.1530769230769238,1.452876923076924,0.2075538461538462,5.731875191189971,1.5105307692307701
294,295,295,57.35123537,,,,,,
295,296,296,57.5888561,22.4,2.283076923076923,2.8766769230769227,0.4109538461538458,11.349036402569594,2.990830769230769
296,297,297,57.82647683,,,,,,
297,298,298,58.06409756,22.35,2.2330769230769256,2.8136769230769265,0.40195384615384633,11.10048944631387,2.9253307692307726
298,299,299,58.30171829,,,,,,
299,300,300,58.53933902,21.04,0.9230769230769234,1.1630769230769233,0.16615384615384632,4.588559192413584,1.2092307692307696
300,301,301,58.77695976,21.83,1.7130769230769225,2.1584769230769223,0.308353846153846,8.515601101254203,2.2441307692307686
301,302,302,59.01458049,22.44,2.3230769230769255,2.927076923076926,0.41815384615384676,11.547873967574194,3.0432307692307723
302,303,303,59.25220122,,,,,,
303,304,304,59.48982195,20.96,0.8430769230769251,1.0622769230769256,0.15175384615384657,4.1908840624044155,1.1044307692307718
304,305,305,59.72744268,,,,,,
305,306,306,59.96506341,22.0,1.8830769230769242,2.3726769230769245,0.33895384615384616,9.360660752523714,2.466830769230771
306,307,307,60.20268415,,,,,,
307,308,308,60.44030488,21.51,1.3930769230769258,1.7552769230769265,0.2507538461538463,6.924900581217512,1.8249307692307728
308,309,309,60.67792561,,,,,,
309,310,310,60.91554634,19.92,-0.1969230769230741,-0.24812307692307337,-0.03544615384615332,-0.9788926277148835,-0.25796923076922706
310,311,311,61.15316707,20.6,0.4830769230769256,0.6086769230769263,0.08695384615384649,2.4013459773631207,0.6328307692307726
311,312,312,61.3907878,21.37,1.2530769230769252,1.5788769230769257,0.22555384615384644,6.2289691037014485,1.6415307692307721
312,313,313,61.62840854,,,,,,
313,314,314,61.86602927,21.84,1.723076923076924,2.1710769230769245,0.3101538461538462,8.56531049250536,2.2572307692307705
314,315,315,62.10365,,,,,,
315,316,316,62.34127073,21.93,1.813076923076924,2.284476923076924,0.3263538461538462,9.012695013765681,2.3751307692307706
316,317,317,62.57889146,,,,,,
317,318,318,62.8165122,22.03,1.9130769230769253,2.410476923076926,0.34435384615384645,9.509788926277162,2.506130769230772
318,319,319,63.05413293,,,,,,
319,320,320,63.29175366,21.79,1.6730769230769234,2.1080769230769234,0.3011538461538463,8.316763536249619,2.1917307692307695
320,321,321,63.52937439,21.58,1.4630769230769225,1.8434769230769223,0.26335384615384605,7.272866319975526,1.9166307692307685
321,322,322,63.76699512,21.7,1.5830769230769235,1.9946769230769237,0.2849538461538461,7.8693790149892955,2.07383076923077
322,323,323,64.00461585,,,,,,
323,324,324,64.24223659,21.65,1.5330769230769228,1.9316769230769226,0.2759538461538462,7.620832058733557,2.008330769230769
324,325,325,64.47985732,,,,,,
325,326,326,64.71747805,22.2,2.0830769230769235,2.624676923076924,0.37495384615384575,10.354848577546653,2.72883076923077
326,327,327,64.95509878,,,,,,
327,328,328,65.19271951,21.36,1.2430769230769236,1.5662769230769238,0.2237538461538462,6.179259712450294,1.62843076923077
328,329,329,65.43034024,,,,,,
329,330,330,65.66796098,20.5,0.3830769230769242,0.4826769230769245,0.06895384615384631,1.9042520648516426,0.5018307692307707
330,331,331,65.90558171,22.12,2.003076923076925,2.5238769230769256,0.36055384615384645,9.957173447537484,2.6240307692307723
331,332,332,66.14320244,20.21,0.09307692307692506,0.11727692307692557,0.016753846153846494,0.4626797185683794,0.12193076923077183
332,333,333,66.38082317,,,,,,
333,334,334,66.6184439,22.65,2.533076923076923,3.1916769230769226,0.45595384615384615,12.591771183848271,3.318330769230769
334,335,335,66.85606463,,,,,,
335,336,336,67.09368537,21.82,1.7030769230769245,2.145876923076925,0.3065538461538462,8.465891710003067,2.231030769230771
336,337,337,67.3313061,,,,,,
337,338,338,67.56892683,22.06,1.943076923076923,2.448276923076923,0.3497538461538463,9.658917100030589,2.545430769230769
338,339,339,67.80654756,,,,,,
339,340,340,68.04416829,20.71,0.5930769230769251,0.7472769230769256,0.10675384615384642,2.948149281125737,0.7769307692307719
340,341,341,68.28178902,23.17,3.053076923076926,3.846876923076927,0.5495538461538461,15.176659528907937,3.999530769230773
341,342,342,68.51940976,22.69,2.5730769230769255,3.242076923076926,0.4631538461538467,12.790608748852872,3.3707307692307724
342,343,343,68.75703049,,,,,,
343,344,344,68.99465122,22.47,2.353076923076923,2.964876923076923,0.4235538461538457,11.697002141327625,3.0825307692307695
344,345,345,69.23227195,,,,,,
345,346,346,69.46989268,22.43,2.313076923076924,2.9144769230769243,0.4163538461538461,11.49816457632304,3.0301307692307704
346,347,347,69.70751341,,,,,,
347,348,348,69.94513415,22.56,2.443076923076923,3.0782769230769227,0.43975384615384616,12.144386662587948,3.200430769230769
348,349,349,70.18275488,,,,,,
349,350,350,70.42037561,22.28,2.1630769230769253,2.725476923076926,0.3893538461538464,10.75252370755584,2.8336307692307723
350,351,351,70.65799634,22.59,2.473076923076924,3.1160769230769243,0.445153846153846,12.293514836341394,3.239730769230771
351,352,352,70.89561707,21.33,1.2130769230769225,1.5284769230769224,0.2183538461538459,6.030131538696847,1.5891307692307686
352,353,353,71.1332378,,,,,,
353,354,354,71.37085854,22.47,2.353076923076923,2.964876923076923,0.4235538461538457,11.697002141327625,3.0825307692307695
354,355,355,71.60847927,,,,,,
355,356,356,71.8461,21.84,1.723076923076924,2.1710769230769245,0.3101538461538462,8.56531049250536,2.2572307692307705
356,357,357,71.96218934,,,,,,
357,358,358,72.07827869,17.96,-2.156923076923075,-2.7177230769230745,-0.38824615384615324,-10.72193331293973,-2.8255692307692284
358,359,359,72.19436803,,,,,,
359,360,360,72.31045738,19.02,-1.0969230769230762,-1.3821230769230761,-0.1974461538461536,-5.452737840318137,-1.4369692307692299
360,361,361,72.42654672,20.48,0.36307692307692463,0.45747692307692506,0.06535384615384637,1.8048332823493503,0.4756307692307713
361,362,362,72.54263607,19.73,-0.38692307692307537,-0.48752307692307495,-0.06964615384615358,-1.9233710614866857,-0.5068692307692287
362,363,363,72.65872541,,,,,,
363,364,364,72.77481475,19.99,-0.12692307692307736,-0.15992307692307747,-0.022846153846153933,-0.6309268889568698,-0.16626923076923134
364,365,365,72.8909041,,,,,,
365,366,366,73.00699344,19.63,-0.4869230769230768,-0.6135230769230767,-0.08764615384615382,-2.420464973998164,-0.6378692307692306
366,367,367,73.12308279,,,,,,
367,368,368,73.23917213,19.87,-0.2469230769230748,-0.3111230769230742,-0.04444615384615347,-1.2274395839706227,-0.323469230769228
368,369,369,73.35526148,,,,,,
369,370,370,73.47135082,19.94,-0.17692307692307452,-0.2229230769230739,-0.03184615384615341,-0.8794738452125913,-0.23176923076922762
370,371,371,73.58744016,20.43,0.3130769230769239,0.3944769230769241,0.05635384615384631,1.5562863260936108,0.41013076923077035
371,372,372,73.70352951,19.74,-0.37692307692307736,-0.4749230769230775,-0.06784615384615383,-1.8736616702355484,-0.49376923076923135
372,373,373,73.81961885,,,,,,
373,374,374,73.9357082,20.4,0.2830769230769228,0.3566769230769227,0.05095384615384607,1.407158152340164,0.37083076923076885
374,375,375,74.05179754,,,,,,
375,376,376,74.16788689,18.35,-1.7669230769230744,-2.2263230769230735,-0.3180461538461534,-8.783267054144986,-2.3146692307692276
376,377,377,74.28397623,,,,,,
377,378,378,74.40006557,20.24,0.12307692307692264,0.15507692307692253,0.022153846153846052,0.6118078923218089,0.16123076923076868
378,379,379,74.51615492,,,,,,
379,380,380,74.63224426,18.57,-1.5469230769230755,-1.9491230769230752,-0.27844615384615334,-7.6896604466197545,-2.026469230769229
380,381,381,74.74833361,20.68,0.5630769230769239,0.7094769230769241,0.10135384615384635,2.7990211073722895,0.7376307692307703
381,382,382,74.86442295,19.66,-0.45692307692307566,-0.5757230769230753,-0.08224615384615364,-2.2713368002447174,-0.5985692307692291
382,383,383,74.9805123,,,,,,
383,384,384,75.09660164,19.99,-0.12692307692307736,-0.15992307692307747,-0.022846153846153933,-0.6309268889568698,-0.16626923076923134
384,385,385,75.21269098,,,,,,
385,386,386,75.32878033,18.89,-1.2269230769230752,-1.5459230769230747,-0.22084615384615347,-6.098959926583045,-1.6072692307692287
386,387,387,75.44486967,,,,,,
387,388,388,75.56095902,19.44,-0.6769230769230745,-0.8529230769230739,-0.12184615384615338,-3.3649434077699483,-0.8867692307692276
388,389,389,75.67704836,,,,,,
389,390,390,75.7931377,19.69,-0.4269230769230745,-0.537923076923074,-0.07684615384615334,-2.12220862649127,-0.5592692307692276
390,391,391,75.90922705,19.38,-0.7369230769230768,-0.9285230769230768,-0.13264615384615386,-3.663199755276843,-0.9653692307692306
391,392,392,76.02531639,20.32,0.2030769230769245,0.25587692307692483,0.03655384615384644,1.0094830223309952,0.26603076923077107
392,393,393,76.14140574,,,,,,
393,394,394,76.25749508,18.96,-1.156923076923075,-1.4577230769230745,-0.2082461538461533,-5.750994187825014,-1.5155692307692283
394,395,395,76.37358443,,,,,,
395,396,396,76.48967377,19.99,-0.12692307692307736,-0.15992307692307747,-0.022846153846153933,-0.6309268889568698,-0.16626923076923134
396,397,397,76.60576311,,,,,,
397,398,398,76.72185246,19.89,-0.22692307692307523,-0.2859230769230748,-0.04084615384615353,-1.1280208014683304,-0.29726923076922857
398,399,399,76.8379418,,,,,,
399,400,400,76.95403115,18.78,-1.3369230769230747,-1.6845230769230741,-0.2406461538461533,-6.645763230345661,-1.751369230769228
400,401,401,77.07012049,20.21,0.09307692307692506,0.11727692307692557,0.016753846153846494,0.4626797185683794,0.12193076923077183
401,402,402,77.18620984,19.51,-0.6069230769230742,-0.7647230769230735,-0.10924615384615333,-3.0169776690119168,-0.7950692307692273
402,403,403,77.30229918,,,,,,
403,404,404,77.41838852,20.4,0.2830769230769228,0.3566769230769227,0.05095384615384607,1.407158152340164,0.37083076923076885
404,405,405,77.53447787,,,,,,
405,406,406,77.65056721,19.67,-0.4469230769230741,-0.5631230769230734,-0.08044615384615328,-2.2216274089935624,-0.5854692307692271
406,407,407,77.76665656,,,,,,
407,408,408,77.8827459,20.34,0.22307692307692406,0.28107692307692433,0.04015384615384632,1.1089018048332873,0.2922307692307705
408,409,409,77.99883525,,,,,,
409,410,410,78.11492459,20.07,-0.04692307692307551,-0.05912307692307515,-0.008446153846153583,-0.2332517589476834,-0.06146923076922892
410,411,411,78.23101393,20.97,0.8530769230769231,1.074876923076923,0.15355384615384615,4.240593453655552,1.1175307692307692
411,412,412,78.34710328,20.23,0.11307692307692463,0.14247692307692503,0.020353846153846444,0.5620985010706715,0.14813076923077126
412,413,413,78.46319262,,,,,,
413,414,414,78.57928197,19.73,-0.38692307692307537,-0.48752307692307495,-0.06964615384615358,-1.9233710614866857,-0.5068692307692287
414,415,415,78.69537131,,,,,,
415,416,416,78.81146066,20.74,0.6230769230769226,0.7850769230769226,0.11215384615384605,3.097277454879166,0.8162307692307686
416,417,417,78.92755,,,,,,
417,418,418,79.04363934,20.15,0.03307692307692278,0.0416769230769227,0.005953846153846101,0.16442337106148522,0.04333076923076885
418,419,419,79.15972869,,,,,,
419,420,420,79.27581803,21.03,0.9130769230769253,1.1504769230769258,0.16435384615384652,4.5388498011624465,1.1961307692307723
420,421,421,79.39190738,18.81,-1.306923076923077,-1.6467230769230772,-0.23524615384615366,-6.496635056592232,-1.7120692307692311
421,422,422,79.50799672,19.11,-1.0069230769230764,-1.2687230769230762,-0.18124615384615383,-5.005353319057813,-1.31906923076923
422,423,423,79.62408607,,,,,,
423,424,424,79.74017541,20.2,0.08307692307692349,0.1046769230769236,0.01495384615384622,0.41297032731722444,0.10883076923076979
424,425,425,79.85626475,,,,,,
425,426,426,79.9723541,21.17,1.053076923076926,1.3268769230769266,0.18955384615384663,5.2347812786785095,1.379530769230773
426,427,427,80.08844344,,,,,,
427,428,428,80.20453279,20.33,0.2130769230769225,0.26847692307692234,0.03835384615384607,1.0591924135821325,0.27913076923076846
428,429,429,80.32062213,,,,,,
429,430,430,80.43671148,20.49,0.37307692307692264,0.4700769230769225,0.06715384615384612,1.8545426736004873,0.4887307692307687
430,431,431,80.55280082,,,,,,
431,432,432,80.66889016,20.38,0.2630769230769232,0.3314769230769232,0.04735384615384619,1.3077393698378716,0.3446307692307694
432,433,433,80.78497951,20.55,0.4330769230769249,0.5456769230769254,0.07795384615384648,2.1527990211073815,0.5673307692307716
433,434,434,80.90106885,20.96,0.8430769230769251,1.0622769230769256,0.15175384615384657,4.1908840624044155,1.1044307692307718
434,435,435,81.0171582,,,,,,
435,436,436,81.13324754,20.78,0.6630769230769253,0.8354769230769259,0.11935384615384659,3.296115019883768,0.8686307692307722
436,437,437,81.24933689,,,,,,
437,438,438,81.36542623,20.59,0.47307692307692406,0.5960769230769243,0.08515384615384636,2.351636586111966,0.6197307692307705
438,439,439,81.48151557,,,,,,
439,440,440,81.59760492,20.07,-0.04692307692307551,-0.05912307692307515,-0.008446153846153583,-0.2332517589476834,-0.06146923076922892
440,441,441,81.71369426,20.61,0.49307692307692363,0.6212769230769238,0.08875384615384618,2.451055368614258,0.64593076923077
441,442,442,81.82978361,20.01,-0.10692307692307423,-0.13472307692307353,-0.019246153846153358,-0.5315081064545599,-0.14006923076922725
442,443,443,81.94587295,,,,,,
443,444,444,82.0619623,20.5,0.3830769230769242,0.4826769230769245,0.06895384615384631,1.9042520648516426,0.5018307692307707
444,445,445,82.17805164,,,,,,
445,446,446,82.29414098,20.21,0.09307692307692506,0.11727692307692557,0.016753846153846494,0.4626797185683794,0.12193076923077183
446,447,447,82.41023033,,,,,,
447,448,448,82.52631967,20.39,0.27307692307692477,0.3440769230769252,0.04915384615384644,1.3574487610890267,0.35773076923077146
448,449,449,82.64240902,,,,,,
449,450,450,82.75849836,20.99,0.8730769230769226,1.1000769230769225,0.15715384615384598,4.340012236157845,1.1437307692307688
450,451,451,82.8745877,20.89,0.7730769230769248,0.9740769230769252,0.13915384615384652,3.8429183236463835,1.0127307692307714
451,452,452,82.99067705,19.95,-0.1669230769230765,-0.2103230769230764,-0.030046153846153778,-0.829764453961454,-0.21866923076923023
452,453,453,83.10676639,,,,,,
453,454,454,83.22285574,20.26,0.14307692307692577,0.18027692307692647,0.025753846153846627,0.7112266748241187,0.18743076923077276
454,455,455,83.33894508,,,,,,
455,456,456,83.45503443,,,,,,
456,457,457,83.57112377,,,,,,
457,458,458,83.68721311,20.1,-0.016923076923074376,-0.021323076923073715,-0.0030461538461533863,-0.08412358519423635,-0.022169230769227433
458,459,459,83.80330246,,,,,,
459,460,460,83.9193918,20.69,0.5730769230769255,0.7220769230769261,0.1031538461538466,2.848730498623444,0.7507307692307724
460,461,461,84.03548115,20.38,0.2630769230769232,0.3314769230769232,0.04735384615384619,1.3077393698378716,0.3446307692307694
461,462,462,84.15157049,20.49,0.37307692307692264,0.4700769230769225,0.06715384615384612,1.8545426736004873,0.4887307692307687
462,463,463,84.26765984,,,,,,
463,464,464,84.38374918,20.2,0.08307692307692349,0.1046769230769236,0.01495384615384622,0.41297032731722444,0.10883076923076979
464,465,465,84.49983852,,,,,,
465,466,466,84.61592787,20.02,-0.09692307692307622,-0.12212307692307604,-0.01744615384615371,-0.48179871520342266,-0.12696923076922986
466,467,467,84.73201721,,,,,,
467,468,468,84.84810656,20.07,-0.04692307692307551,-0.05912307692307515,-0.008446153846153583,-0.2332517589476834,-0.06146923076922892
468,469,469,84.9641959,,,,,,
469,470,470,85.08028525,19.24,-0.8769230769230774,-1.1049230769230776,-0.15784615384615375,-4.3591312327929055,-1.1487692307692314
470,471,471,85.19637459,20.31,0.19307692307692292,0.2432769230769229,0.034753846153846135,0.9597736310798402,0.252930769230769
471,472,472,85.31246393,20.74,0.6230769230769226,0.7850769230769226,0.11215384615384605,3.097277454879166,0.8162307692307686
472,473,473,85.42855328,,,,,,
473,474,474,85.54464262,19.88,-0.2369230769230768,-0.2985230769230768,-0.04264615384615378,-1.1777301927194856,-0.3103692307692306
474,475,475,85.66073197,,,,,,
475,476,476,85.77682131,19.96,-0.15692307692307494,-0.19772307692307442,-0.028246153846153504,-0.7800550627102992,-0.20556923076922817
476,477,477,85.89291066,,,,,,
477,478,478,86.009,20.34,0.22307692307692406,0.28107692307692433,0.04015384615384632,1.1089018048332873,0.2922307692307705
478,479,479,86.16551563,,,,,,
479,480,480,86.32203125,19.65,-0.4669230769230772,-0.5883230769230773,-0.08404615384615388,-2.321046191495872,-0.6116692307692312
480,481,481,86.47854688,19.91,-0.20692307692307566,-0.26072307692307534,-0.037246153846153596,-1.0286020189660385,-0.2710692307692291
481,482,482,86.6350625,20.14,0.02307692307692477,0.02907692307692521,0.004153846153846463,0.11471397981034798,0.03023076923077145
482,483,483,86.79157813,,,,,,
483,484,484,86.94809375,19.98,-0.13692307692307537,-0.17252307692307497,-0.02464615384615354,-0.680636280208007,-0.17936923076922875
484,485,485,87.10460938,,,,,,
485,486,486,87.261125,19.63,-0.4869230769230768,-0.6135230769230767,-0.08764615384615382,-2.420464973998164,-0.6378692307692306
486,487,487,87.41764063,,,,,,
487,488,488,87.57415625,20.28,0.16307692307692534,0.20547692307692592,0.029353846153846563,0.8106454573264107,0.2136307692307722
488,489,489,87.73067188,,,,,,
489,490,490,87.8871875,18.52,-1.5969230769230762,-2.0121230769230762,-0.28744615384615324,-7.938207402875495,-2.09196923076923
490,491,491,88.04370313,19.41,-0.7069230769230757,-0.8907230769230753,-0.12724615384615368,-3.514071581523395,-0.9260692307692291
491,492,492,88.20021875,20.4,0.2830769230769228,0.3566769230769227,0.05095384615384607,1.407158152340164,0.37083076923076885
492,493,493,88.35673438,,,,,,
493,494,494,88.51325,20.21,0.09307692307692506,0.11727692307692557,0.016753846153846494,0.4626797185683794,0.12193076923077183
494,495,495,88.66976563,,,,,,
495,496,496,88.82628125,20.22,0.10307692307692307,0.12987692307692306,0.018553846153846143,0.5123891098195167,0.13503076923076923
496,497,497,88.98279688,,,,,,
497,498,498,89.1393125,20.29,0.17307692307692335,0.21807692307692342,0.0311538461538462,0.860354848577548,0.2267307692307696
498,499,499,89.29582813,19.76,-0.35692307692307423,-0.44972307692307356,-0.06424615384615329,-1.7742428877332386,-0.46756923076922724
499,500,500,89.45234375,19.82,-0.2969230769230755,-0.37412307692307517,-0.05344615384615353,-1.475986540226362,-0.38896923076922896
500,501,501,89.60885938,20.2,0.08307692307692349,0.1046769230769236,0.01495384615384622,0.41297032731722444,0.10883076923076979
501,502,502,89.765375,19.3,-0.8169230769230751,-1.0293230769230746,-0.1470461538461536,-4.060874885286011,-1.0701692307692283
502,503,503,89.92189063,,,,,,
503,504,504,90.07840625,19.3,-0.8169230769230751,-1.0293230769230746,-0.1470461538461536,-4.060874885286011,-1.0701692307692283
504,505,505,90.23492188,,,,,,
505,506,506,90.3914375,19.43,-0.6869230769230761,-0.8655230769230758,-0.12364615384615363,-3.4146527990211033,-0.8998692307692298
506,507,507,90.54795313,,,,,,
507,508,508,90.70446875,18.98,-1.1369230769230754,-1.432523076923075,-0.20464615384615348,-5.651575405322721,-1.4893692307692288
508,509,509,90.86098438,,,,,,
509,510,510,91.0175,19.73,-0.38692307692307537,-0.48752307692307495,-0.06964615384615358,-1.9233710614866857,-0.5068692307692287
510,511,511,91.17401563,19.82,-0.2969230769230755,-0.37412307692307517,-0.05344615384615353,-1.475986540226362,-0.38896923076922896
511,512,512,91.33053125,19.92,-0.1969230769230741,-0.24812307692307337,-0.03544615384615332,-0.9788926277148835,-0.25796923076922706
512,513,513,91.48704688,,,,,,
513,514,514,91.6435625,19.94,-0.17692307692307452,-0.2229230769230739,-0.03184615384615341,-0.8794738452125913,-0.23176923076922762
514,515,515,91.80007813,,,,,,
515,516,516,91.95659375,19.19,-0.9269230769230745,-1.167923076923074,-0.1668461538461532,-4.607678189048627,-1.2142692307692278
516,517,517,92.11310938,18.64,-1.4769230769230752,-1.860923076923075,-0.2658461538461532,-7.341694707861723,-1.9347692307692286
517,518,518,92.269625,20.02,-0.09692307692307622,-0.12212307692307604,-0.01744615384615371,-0.48179871520342266,-0.12696923076922986
518,519,519,92.42614063,,,,,,
519,520,520,92.58265625,18.99,-1.1269230769230774,-1.4199230769230775,-0.2028461538461539,-5.601866014071584,-1.4762692307692313
520,521,521,92.73917188,18.47,-1.646923076923077,-2.075123076923077,-0.296446153846154,-8.186754359131234,-2.1574692307692307
521,522,522,92.8956875,19.24,-0.8769230769230774,-1.1049230769230776,-0.15784615384615375,-4.3591312327929055,-1.1487692307692314
522,523,523,93.05220313,,,,,,
523,524,524,93.20871875,19.32,-0.7969230769230755,-1.0041230769230751,-0.14344615384615356,-3.961456102783719,-1.043969230769229
524,525,525,93.36523438,,,,,,
525,526,526,93.52175,19.06,-1.056923076923077,-1.3317230769230772,-0.19024615384615373,-5.253900275313553,-1.384569230769231
526,527,527,93.67826563,,,,,,
527,528,528,93.83478125,18.71,-1.406923076923075,-1.7727230769230744,-0.25324615384615323,-6.993728969103692,-1.8430692307692282
528,529,529,93.99129688,,,,,,
529,530,530,94.1478125,19.71,-0.40692307692307494,-0.5127230769230744,-0.07324615384615352,-2.0227898439889773,-0.5330692307692282
530,531,531,94.30432813,18.31,-1.806923076923077,-2.2767230769230773,-0.3252461538461535,-8.982104619149588,-2.367069230769231
531,532,532,94.46084375,19.74,-0.37692307692307736,-0.4749230769230775,-0.06784615384615383,-1.8736616702355484,-0.49376923076923135
532,533,533,94.61735938,,,,,,
533,534,534,94.773875,18.9,-1.2169230769230772,-1.5333230769230772,-0.2190461538461539,-6.0492505353319075,-1.5941692307692312
534,535,535,94.93039063,,,,,,
535,536,536,95.08690625,19.19,-0.9269230769230745,-1.167923076923074,-0.1668461538461532,-4.607678189048627,-1.2142692307692278
536,537,537,95.24342188,,,,,,
537,538,538,95.3999375,19.99,-0.12692307692307736,-0.15992307692307747,-0.022846153846153933,-0.6309268889568698,-0.16626923076923134
538,539,539,95.55645313,,,,,,
539,540,540,95.71296875,18.62,-1.4969230769230748,-1.8861230769230743,-0.2694461538461532,-7.441113490364017,-1.9609692307692281
540,541,541,95.86948438,17.77,-2.3469230769230762,-2.957123076923076,-0.42244615384615347,-11.66641174671153,-3.07446923076923
541,542,542,96.026,18.78,-1.3369230769230747,-1.6845230769230741,-0.2406461538461533,-6.645763230345661,-1.751369230769228
542,543,543,96.18251563,,,,,,
543,544,544,96.33903125,19.65,-0.4669230769230772,-0.5883230769230773,-0.08404615384615388,-2.321046191495872,-0.6116692307692312
544,545,545,96.49554688,,,,,,
545,546,546,96.6520625,18.91,-1.2069230769230757,-1.5207230769230753,-0.21724615384615364,-5.9995411440807525,-1.5810692307692291
546,547,547,96.80857813,,,,,,
547,548,548,96.96509375,19.23,-0.8869230769230754,-1.117523076923075,-0.15964615384615333,-4.408840624044043,-1.1618692307692289
548,549,549,97.12160938,,,,,,
549,550,550,97.278125,20.21,0.09307692307692506,0.11727692307692557,0.016753846153846494,0.4626797185683794,0.12193076923077183
550,551,551,97.43464063,19.55,-0.5669230769230751,-0.7143230769230746,-0.10204615384615345,-2.818140104007333,-0.7426692307692284
551,552,552,97.59115625,19.55,-0.5669230769230751,-0.7143230769230746,-0.10204615384615345,-2.818140104007333,-0.7426692307692284
552,553,553,97.74767188,,,,,,
553,554,554,97.9041875,19.61,-0.5069230769230764,-0.6387230769230762,-0.09124615384615375,-2.519883756500456,-0.6640692307692301
554,555,555,98.06070313,,,,,,
555,556,556,98.21721875,20.42,0.3030769230769259,0.38187692307692667,0.05455384615384662,1.5065769348424736,0.39703076923077296
556,557,557,98.37373438,,,,,,
557,558,558,98.53025,20.62,0.5030769230769252,0.6338769230769258,0.09055384615384643,2.500764759865413,0.6590307692307721
558,559,559,98.68676563,,,,,,
559,560,560,98.84328125,19.31,-0.8069230769230771,-1.016723076923077,-0.1452461538461538,-4.0111654940348735,-1.057069230769231
560,561,561,98.99979688,19.81,-0.3069230769230771,-0.3867230769230771,-0.055246153846153834,-1.525695931477517,-0.402069230769231
561,562,562,99.1563125,18.87,-1.2469230769230748,-1.5711230769230742,-0.22444615384615352,-6.198378709085336,-1.633469230769228
562,563,563,99.31282813,,,,,,
563,564,564,99.46934375,19.82,-0.2969230769230755,-0.37412307692307517,-0.05344615384615353,-1.475986540226362,-0.38896923076922896
564,565,565,99.62585938,,,,,,
565,566,566,99.782375,18.95,-1.1669230769230765,-1.4703230769230764,-0.21004615384615377,-5.800703579076169,-1.5286692307692302
566,567,567,99.93889063,,,,,,
567,568,568,100.0954063,19.88,-0.2369230769230768,-0.2985230769230768,-0.04264615384615378,-1.1777301927194856,-0.3103692307692306
568,569,569,100.2519219,,,,,,
569,570,570,100.4084375,19.98,-0.13692307692307537,-0.17252307692307497,-0.02464615384615354,-0.680636280208007,-0.17936923076922875
570,571,571,100.5649531,19.38,-0.7369230769230768,-0.9285230769230768,-0.13264615384615386,-3.663199755276843,-0.9653692307692306
571,572,572,100.7214688,19.53,-0.5869230769230747,-0.7395230769230741,-0.10564615384615339,-2.917558886509625,-0.7688692307692279
572,573,573,100.8779844,,,,,,
573,574,574,101.0345,20.0,-0.1169230769230758,-0.1473230769230755,-0.02104615384615363,-0.5812174977057148,-0.1531692307692293
574,575,575,101.1910156,,,,,,
575,576,576,101.3475313,20.27,0.15307692307692378,0.19287692307692397,0.027553846153846262,0.760936066075256,0.20053076923077015
576,577,577,101.5040469,,,,,,
577,578,578,101.6605625,19.32,-0.7969230769230755,-1.0041230769230751,-0.14344615384615356,-3.961456102783719,-1.043969230769229
578,579,579,101.8170781,,,,,,
579,580,580,101.9735938,20.12,0.0030769230769251976,0.003876923076925749,0.0005538461538465351,0.015295197308055819,0.004030769230772009
580,581,581,102.1301094,20.05,-0.06692307692307509,-0.08432307692307461,-0.012046153846153512,-0.3326705414499756,-0.08766923076922836
581,582,582,102.286625,20.15,0.03307692307692278,0.0416769230769227,0.005953846153846101,0.16442337106148522,0.04333076923076885
582,583,583,102.4431406,20.68,0.5630769230769239,0.7094769230769241,0.10135384615384635,2.7990211073722895,0.7376307692307703
583,584,584,102.5996563,19.76,-0.35692307692307423,-0.44972307692307356,-0.06424615384615329,-1.7742428877332386,-0.46756923076922724
584,585,585,102.7561719,,,,,,
585,586,586,102.9126875,20.15,0.03307692307692278,0.0416769230769227,0.005953846153846101,0.16442337106148522,0.04333076923076885
586,587,587,103.0692031,,,,,,
587,588,588,103.2257188,20.48,0.36307692307692463,0.45747692307692506,0.06535384615384637,1.8048332823493503,0.4756307692307713
588,589,589,103.3822344,,,,,,
589,590,590,103.53875,20.62,0.5030769230769252,0.6338769230769258,0.09055384615384643,2.500764759865413,0.6590307692307721
590,591,591,103.6952656,,,,,,
591,592,592,103.8517813,20.11,-0.006923076923076366,-0.008723076923076221,-0.0012461538461537441,-0.034414193943099095,-0.00906923076923004
592,593,593,104.0082969,21.43,1.313076923076924,1.654476923076924,0.23635384615384636,6.527225451208325,1.7201307692307704
593,594,594,104.1648125,19.41,-0.7069230769230757,-0.8907230769230753,-0.12724615384615368,-3.514071581523395,-0.9260692307692291
594,595,595,104.3213281,,,,,,
595,596,596,104.4778438,19.93,-0.18692307692307608,-0.23552307692307586,-0.03364615384615369,-0.9291832364637462,-0.24486923076922967
596,597,597,104.6343594,,,,,,
597,598,598,104.790875,20.26,0.14307692307692577,0.18027692307692647,0.025753846153846627,0.7112266748241187,0.18743076923077276
598,599,599,104.9473906,,,,,,
599,600,600,105.1039063,20.1,-0.016923076923074376,-0.021323076923073715,-0.0030461538461533863,-0.08412358519423635,-0.022169230769227433
600,601,601,105.2604219,,,,,,
601,602,602,105.4169375,20.07,-0.04692307692307551,-0.05912307692307515,-0.008446153846153583,-0.2332517589476834,-0.06146923076922892
602,603,603,105.5734531,21.23,1.1130769230769246,1.402476923076925,0.20035384615384655,5.5330376261853855,1.4581307692307712
603,604,604,105.7299688,19.38,-0.7369230769230768,-0.9285230769230768,-0.13264615384615386,-3.663199755276843,-0.9653692307692306
604,605,605,105.8864844,,,,,,
605,606,606,106.043,19.97,-0.14692307692307693,-0.18512307692307695,-0.02644615384615384,-0.730345671459162,-0.19246923076923078
606,607,607,106.1354886,,,,,,
607,608,608,106.2279773,21.22,1.103076923076923,1.389876923076923,0.19855384615384608,5.4833282349342305,1.4450307692307693
608,609,609,106.3204659,,,,,,
609,610,610,106.4129545,21.14,1.0230769230769248,1.2890769230769252,0.18415384615384633,5.085653104925062,1.3402307692307716
610,611,611,106.5054432,,,,,,
611,612,612,106.5979318,18.88,-1.2369230769230768,-1.5585230769230767,-0.22264615384615394,-6.1486693178342,-1.6203692307692306
612,613,613,106.6904205,19.92,-0.1969230769230741,-0.24812307692307337,-0.03544615384615332,-0.9788926277148835,-0.25796923076922706
613,614,614,106.7829091,20.13,0.013076923076923208,0.016476923076923243,0.002353846153846175,0.06500458855919308,0.017130769230769404
614,615,615,106.8753977,,,,,,
615,616,616,106.9678864,21.26,1.1430769230769258,1.4402769230769266,0.2057538461538464,5.682165799938834,1.497430769230773
616,617,617,107.060375,,,,,,
617,618,618,107.1528636,20.89,0.7730769230769248,0.9740769230769252,0.13915384615384652,3.8429183236463835,1.0127307692307714
618,619,619,107.2453523,,,,,,
619,620,620,107.3378409,19.3,-0.8169230769230751,-1.0293230769230746,-0.1470461538461536,-4.060874885286011,-1.0701692307692283
620,621,621,107.4303295,,,,,,
621,622,622,107.5228182,21.31,1.193076923076923,1.503276923076923,0.21475384615384607,5.930712756194555,1.562930769230769
622,623,623,107.6153068,20.5,0.3830769230769242,0.4826769230769245,0.06895384615384631,1.9042520648516426,0.5018307692307707
623,624,624,107.7077955,21.6,1.4830769230769256,1.8686769230769262,0.26695384615384654,7.372285102477835,1.9428307692307727
624,625,625,107.8002841,,,,,,
625,626,626,107.8927727,22.2,2.0830769230769235,2.624676923076924,0.37495384615384575,10.354848577546653,2.72883076923077
626,627,627,107.9852614,,,,,,
627,628,628,108.07775,20.68,0.5630769230769239,0.7094769230769241,0.10135384615384635,2.7990211073722895,0.7376307692307703
628,629,629,108.1702386,,,,,,
629,630,630,108.2627273,21.28,1.1630769230769253,1.465476923076926,0.20935384615384645,5.781584582441125,1.5236307692307722
630,631,631,108.3552159,,,,,,
631,632,632,108.4477045,21.02,0.9030769230769238,1.137876923076924,0.16255384615384627,4.4891404099112915,1.1830307692307702
632,633,633,108.5401932,20.68,0.5630769230769239,0.7094769230769241,0.10135384615384635,2.7990211073722895,0.7376307692307703
633,634,634,108.6326818,20.95,0.8330769230769235,1.0496769230769236,0.1499538461538461,4.14117467115326,1.0913307692307699
634,635,635,108.7251705,,,,,,
635,636,636,108.8176591,19.58,-0.5369230769230775,-0.6765230769230777,-0.09664615384615394,-2.6690119302539035,-0.7033692307692315
636,637,637,108.9101477,,,,,,
637,638,638,109.0026364,21.24,1.1230769230769226,1.4150769230769225,0.20215384615384613,5.582747017436523,1.4712307692307687
638,639,639,109.095125,,,,,,
639,640,640,109.1876136,20.81,0.6930769230769229,0.8732769230769228,0.1247538461538461,3.445243193637197,0.9079307692307691
640,641,641,109.2801023,,,,,,
641,642,642,109.3725909,19.5,-0.6169230769230758,-0.7773230769230756,-0.11104615384615357,-3.0666870602630723,-0.8081692307692293
642,643,643,109.4650795,19.69,-0.4269230769230745,-0.537923076923074,-0.07684615384615334,-2.12220862649127,-0.5592692307692276
643,644,644,109.5575682,19.77,-0.3469230769230762,-0.43712307692307606,-0.06244615384615371,-1.7245334964821013,-0.45446923076922985
644,645,645,109.6500568,,,,,,
645,646,646,109.7425455,20.33,0.2130769230769225,0.26847692307692234,0.03835384615384607,1.0591924135821325,0.27913076923076846
646,647,647,109.8350341,,,,,,
647,648,648,109.9275227,21.2,1.0830769230769235,1.3646769230769236,0.19495384615384626,5.383909452431938,1.4188307692307698
648,649,649,110.0200114,,,,,,
649,650,650,110.1125,21.49,1.3730769230769226,1.7300769230769226,0.24715384615384584,6.825481798715202,1.7987307692307688
650,651,651,110.2049886,,,,,,
651,652,652,110.2974773,21.31,1.193076923076923,1.503276923076923,0.21475384615384607,5.930712756194555,1.562930769230769
652,653,653,110.3899659,18.35,-1.7669230769230744,-2.2263230769230735,-0.3180461538461534,-8.783267054144986,-2.3146692307692276
653,654,654,110.4824545,20.96,0.8430769230769251,1.0622769230769256,0.15175384615384657,4.1908840624044155,1.1044307692307718
654,655,655,110.5749432,,,,,,
655,656,656,110.6674318,21.16,1.0430769230769243,1.3142769230769247,0.18775384615384638,5.1850718874273545,1.366430769230771
656,657,657,110.7599205,,,,,,
657,658,658,110.8524091,19.78,-0.33692307692307466,-0.42452307692307406,-0.060646153846153406,-1.6748241052309463,-0.44136923076922785
658,659,659,110.9448977,,,,,,
659,660,660,111.0373864,21.26,1.1430769230769258,1.4402769230769266,0.2057538461538464,5.682165799938834,1.497430769230773
660,661,661,111.129875,,,,,,
661,662,662,111.2223636,19.64,-0.47692307692307523,-0.6009230769230748,-0.08584615384615357,-2.3707555827470093,-0.6247692307692285
662,663,663,111.3148523,19.62,-0.4969230769230748,-0.6261230769230742,-0.08944615384615351,-2.470174365249301,-0.650969230769228
663,664,664,111.4073409,20.62,0.5030769230769252,0.6338769230769258,0.09055384615384643,2.500764759865413,0.6590307692307721
664,665,665,111.4998295,,,,,,
665,666,666,111.5923182,20.36,0.24307692307692363,0.3062769230769238,0.043753846153846254,1.2083205873355796,0.31843076923076996
666,667,667,111.6848068,,,,,,
667,668,668,111.7772955,21.48,1.3630769230769246,1.7174769230769251,0.24535384615384626,6.775772407464064,1.7856307692307714
668,669,669,111.8697841,,,,,,
669,670,670,111.9622727,20.83,0.7130769230769225,0.8984769230769224,0.12835384615384593,3.5446619761394897,0.9341307692307685
670,671,671,112.0547614,,,,,,
671,672,672,112.14725,18.64,-1.4769230769230752,-1.860923076923075,-0.2658461538461532,-7.341694707861723,-1.9347692307692286
672,673,673,112.2397386,21.87,1.7530769230769252,2.2088769230769256,0.3155538461538465,8.714438666258806,2.296530769230772
673,674,674,112.3322273,20.44,0.3230769230769255,0.4070769230769261,0.058153846153846556,1.6059957173447659,0.4232307692307724
674,675,675,112.4247159,,,,,,
675,676,676,112.5172045,19.52,-0.5969230769230762,-0.752123076923076,-0.10744615384615375,-2.9672682777607795,-0.7819692307692299
676,677,677,112.6096932,,,,,,
677,678,678,112.7021818,19.52,-0.5969230769230762,-0.752123076923076,-0.10744615384615375,-2.9672682777607795,-0.7819692307692299
678,679,679,112.7946705,,,,,,
679,680,680,112.8871591,20.79,0.6730769230769234,0.8480769230769234,0.12115384615384617,3.345824411134905,0.8817307692307697
680,681,681,112.9796477,,,,,,
681,682,682,113.0721364,18.91,-1.2069230769230757,-1.5207230769230753,-0.21724615384615364,-5.9995411440807525,-1.5810692307692291
682,683,683,113.164625,20.48,0.36307692307692463,0.45747692307692506,0.06535384615384637,1.8048332823493503,0.4756307692307713
683,684,684,113.2571136,20.74,0.6230769230769226,0.7850769230769226,0.11215384615384605,3.097277454879166,0.8162307692307686
684,685,685,113.3496023,,,,,,
685,686,686,113.4420909,19.5,-0.6169230769230758,-0.7773230769230756,-0.11104615384615357,-3.0666870602630723,-0.8081692307692293
686,687,687,113.5345795,,,,,,
687,688,688,113.6270682,21.35,1.2330769230769256,1.5536769230769263,0.2219538461538466,6.129550321199156,1.6153307692307726
688,689,689,113.7195568,,,,,,
689,690,690,113.8120455,20.6,0.4830769230769256,0.6086769230769263,0.08695384615384649,2.4013459773631207,0.6328307692307726
690,691,691,113.9045341,,,,,,
691,692,692,113.9970227,20.69,0.5730769230769255,0.7220769230769261,0.1031538461538466,2.848730498623444,0.7507307692307724
692,693,693,114.0895114,19.65,-0.4669230769230772,-0.5883230769230773,-0.08404615384615388,-2.321046191495872,-0.6116692307692312
693,694,694,114.182,18.5,-1.6169230769230758,-2.0373230769230757,-0.2910461538461533,-8.037626185377787,-2.1181692307692295
694,695,695,114.3498409,,,,,,
695,696,696,114.5176818,19.98,-0.13692307692307537,-0.17252307692307497,-0.02464615384615354,-0.680636280208007,-0.17936923076922875
696,697,697,114.6855227,,,,,,
697,698,698,114.8533636,19.61,-0.5069230769230764,-0.6387230769230762,-0.09124615384615375,-2.519883756500456,-0.6640692307692301
698,699,699,115.0212045,,,,,,
699,700,700,115.1890455,19.89,-0.22692307692307523,-0.2859230769230748,-0.04084615384615353,-1.1280208014683304,-0.29726923076922857
700,701,701,115.3568864,,,,,,
701,702,702,115.5247273,19.43,-0.6869230769230761,-0.8655230769230758,-0.12364615384615363,-3.4146527990211033,-0.8998692307692298
702,703,703,115.6925682,19.88,-0.2369230769230768,-0.2985230769230768,-0.04264615384615378,-1.1777301927194856,-0.3103692307692306
703,704,704,115.8604091,20.35,0.23307692307692562,0.2936769230769263,0.04195384615384662,1.1586111960844423,0.30533076923077257
704,705,705,116.02825,,,,,,
705,706,706,116.1960909,20.47,0.35307692307692307,0.44487692307692306,0.06355384615384618,1.7551238910981954,0.46253076923076925
706,707,707,116.3639318,,,,,,
707,708,708,116.5317727,18.63,-1.4869230769230768,-1.8735230769230768,-0.26764615384615364,-7.391404099112879,-1.9478692307692307
708,709,709,116.6996136,,,,,,
709,710,710,116.8674545,19.46,-0.6569230769230749,-0.8277230769230745,-0.11824615384615345,-3.2655246252676564,-0.8605692307692282
710,711,711,117.0352955,,,,,,
711,712,712,117.2031364,18.99,-1.1269230769230774,-1.4199230769230775,-0.2028461538461539,-5.601866014071584,-1.4762692307692313
712,713,713,117.3709773,19.56,-0.5569230769230771,-0.7017230769230771,-0.10024615384615387,-2.768430712756196,-0.729569230769231
713,714,714,117.5388182,20.04,-0.07692307692307665,-0.09692307692307658,-0.013846153846153786,-0.3823799327011305,-0.10076923076923042
714,715,715,117.7066591,,,,,,
715,716,716,117.8745,21.36,1.2430769230769236,1.5662769230769238,0.2237538461538462,6.179259712450294,1.62843076923077
716,735,717,118.0423409,20.6,0.4830769230769256,0.6086769230769263,0.08695384615384649,2.4013459773631207,0.6328307692307726
717,736,718,118.2101818,,,,,,
718,737,719,118.3780227,18.16,-1.9569230769230757,-2.465723076923075,-0.35224615384615365,-9.727745487916788,-2.5635692307692293
719,738,720,118.5458636,,,,,,
720,739,721,118.7137045,20.16,0.043076923076924345,0.05427692307692467,0.007753846153846382,0.21413276231264014,0.056430769230770894
721,740,722,118.8815455,,,,,,
722,741,723,119.0493864,20.47,0.35307692307692307,0.44487692307692306,0.06355384615384618,1.7551238910981954,0.46253076923076925
723,742,724,119.2172273,19.49,-0.6269230769230774,-0.7899230769230775,-0.11284615384615382,-3.1163964515142273,-0.8212692307692314
724,743,725,119.3850682,18.99,-1.1269230769230774,-1.4199230769230775,-0.2028461538461539,-5.601866014071584,-1.4762692307692313
725,744,726,119.5529091,,,,,,
726,745,727,119.72075,20.23,0.11307692307692463,0.14247692307692503,0.020353846153846444,0.5620985010706715,0.14813076923077126
727,746,728,119.8885909,,,,,,
728,747,729,120.0564318,18.72,-1.396923076923077,-1.760123076923077,-0.25144615384615365,-6.944019577852554,-1.8299692307692308
729,748,730,120.2242727,,,,,,
730,749,731,120.3921136,20.23,0.11307692307692463,0.14247692307692503,0.020353846153846444,0.5620985010706715,0.14813076923077126
731,750,732,120.5599545,,,,,,
732,751,733,120.7277955,21.45,1.3330769230769235,1.6796769230769235,0.23995384615384618,6.626644233710617,1.74633076923077
733,752,734,120.8956364,20.24,0.12307692307692264,0.15507692307692253,0.022153846153846052,0.6118078923218089,0.16123076923076868
734,753,735,121.0634773,20.27,0.15307692307692378,0.19287692307692397,0.027553846153846262,0.760936066075256,0.20053076923077015
735,754,736,121.2313182,,,,,,
736,755,737,121.3991591,19.71,-0.40692307692307494,-0.5127230769230744,-0.07324615384615352,-2.0227898439889773,-0.5330692307692282
737,756,738,121.567,,,,,,
738,757,739,121.7348409,19.43,-0.6869230769230761,-0.8655230769230758,-0.12364615384615363,-3.4146527990211033,-0.8998692307692298
739,758,740,121.9026818,,,,,,
740,759,741,122.0705227,19.52,-0.5969230769230762,-0.752123076923076,-0.10744615384615375,-2.9672682777607795,-0.7819692307692299
741,760,742,122.2383636,,,,,,
742,761,743,122.4062045,20.51,0.39307692307692577,0.49527692307692645,0.07075384615384667,1.9539614561027971,0.5149307692307727
743,762,744,122.5740455,20.31,0.19307692307692292,0.2432769230769229,0.034753846153846135,0.9597736310798402,0.252930769230769
744,763,745,122.7418864,20.6,0.4830769230769256,0.6086769230769263,0.08695384615384649,2.4013459773631207,0.6328307692307726
745,764,746,122.9097273,,,,,,
746,765,747,123.0775682,21.21,1.093076923076925,1.3772769230769255,0.1967538461538465,5.433618843683093,1.431930769230772
747,766,748,123.2454091,,,,,,
748,767,749,123.41325,20.31,0.19307692307692292,0.2432769230769229,0.034753846153846135,0.9597736310798402,0.252930769230769
749,768,750,123.5810909,,,,,,
750,769,751,123.7489318,20.78,0.6630769230769253,0.8354769230769259,0.11935384615384659,3.296115019883768,0.8686307692307722
751,770,752,123.9167727,,,,,,
752,771,753,124.0846136,20.45,0.3330769230769235,0.4196769230769236,0.05995384615384619,1.6557051085959031,0.4363307692307698
753,772,754,124.2524545,20.84,0.7230769230769241,0.9110769230769243,0.13015384615384618,3.594371367390645,0.9472307692307705
754,773,755,124.4202955,20.87,0.7530769230769252,0.9488769230769257,0.13555384615384647,3.7434995411440917,0.9865307692307721
755,774,756,124.5881364,,,,,,
756,775,757,124.7559773,19.82,-0.2969230769230755,-0.37412307692307517,-0.05344615384615353,-1.475986540226362,-0.38896923076922896
757,776,758,124.9238182,,,,,,
758,777,759,125.0916591,20.26,0.14307692307692577,0.18027692307692647,0.025753846153846627,0.7112266748241187,0.18743076923077276
759,778,760,125.2595,,,,,,
760,779,761,125.4273409,19.96,-0.15692307692307494,-0.19772307692307442,-0.028246153846153504,-0.7800550627102992,-0.20556923076922817
761,780,762,125.5951818,,,,,,
762,781,763,125.7630227,20.53,0.41307692307692534,0.520476923076926,0.07435384615384655,2.0533802386050892,0.5411307692307722
763,782,764,125.9308636,19.83,-0.2869230769230775,-0.36152307692307767,-0.0516461538461539,-1.4262771489752248,-0.37586923076923157
764,783,765,126.0987045,19.04,-1.0769230769230766,-1.3569230769230767,-0.19384615384615356,-5.353319057815845,-1.4107692307692306
765,784,766,126.2665455,,,,,,
766,785,767,126.4343864,19.83,-0.2869230769230775,-0.36152307692307767,-0.0516461538461539,-1.4262771489752248,-0.37586923076923157
767,786,768,126.6022273,,,,,,
768,787,769,126.7700682,20.13,0.013076923076923208,0.016476923076923243,0.002353846153846175,0.06500458855919308,0.017130769230769404
769,788,770,126.9379091,,,,,,
770,789,771,127.10575,19.97,-0.14692307692307693,-0.18512307692307695,-0.02644615384615384,-0.730345671459162,-0.19246923076923078
771,790,772,127.2735909,,,,,,
772,791,773,127.4414318,18.91,-1.2069230769230757,-1.5207230769230753,-0.21724615384615364,-5.9995411440807525,-1.5810692307692291
773,792,774,127.6092727,19.63,-0.4869230769230768,-0.6135230769230767,-0.08764615384615382,-2.420464973998164,-0.6378692307692306
774,793,775,127.7771136,19.15,-0.9669230769230772,-1.2183230769230773,-0.17404615384615396,-4.806515754053229,-1.266669230769231
775,794,776,127.9449545,,,,,,
776,795,777,128.1127955,18.48,-1.6369230769230754,-2.062523076923075,-0.29464615384615334,-8.13704496788008,-2.144369230769229
777,796,778,128.2806364,,,,,,
778,797,779,128.4484773,19.1,-1.0169230769230744,-1.2813230769230737,-0.18304615384615341,-5.055062710308951,-1.3321692307692274
779,798,780,128.6163182,,,,,,
780,799,781,128.7841591,19.61,-0.5069230769230764,-0.6387230769230762,-0.09124615384615375,-2.519883756500456,-0.6640692307692301
781,800,782,128.952,,,,,,
782,801,783,129.1747,19.22,-0.8969230769230769,-1.130123076923077,-0.1614461538461538,-4.458550015295198,-1.1749692307692308
783,802,784,129.3974,19.02,-1.0969230769230762,-1.3821230769230761,-0.1974461538461536,-5.452737840318137,-1.4369692307692299
784,803,785,129.6201,19.48,-0.6369230769230754,-0.802523076923075,-0.11464615384615351,-3.166105842765364,-0.8343692307692288
785,804,786,129.8428,,,,,,
786,805,787,130.0655,19.04,-1.0769230769230766,-1.3569230769230767,-0.19384615384615356,-5.353319057815845,-1.4107692307692306
787,806,788,130.2882,,,,,,
788,807,789,130.5109,19.81,-0.3069230769230771,-0.3867230769230771,-0.055246153846153834,-1.525695931477517,-0.402069230769231
789,808,790,130.7336,,,,,,
790,809,791,130.9563,19.71,-0.40692307692307494,-0.5127230769230744,-0.07324615384615352,-2.0227898439889773,-0.5330692307692282
791,810,792,131.179,,,,,,
792,811,793,131.4017,19.33,-0.7869230769230775,-0.9915230769230776,-0.14164615384615398,-3.9117467115325812,-1.0308692307692315
793,812,794,131.6244,19.21,-0.9069230769230749,-1.1427230769230745,-0.16324615384615337,-4.508259406546335,-1.1880692307692282
794,813,795,131.8471,19.15,-0.9669230769230772,-1.2183230769230773,-0.17404615384615396,-4.806515754053229,-1.266669230769231
795,814,796,132.0698,,,,,,
796,815,797,132.2925,19.59,-0.5269230769230759,-0.6639230769230757,-0.09484615384615358,-2.6193025390027485,-0.6902692307692295
797,816,798,132.5152,,,,,,
798,817,799,132.7379,18.49,-1.6269230769230774,-2.0499230769230774,-0.292846153846154,-8.087335576628941,-2.1312692307692314
799,818,800,132.9606,,,,,,
800,819,801,133.1833,19.29,-0.8269230769230766,-1.0419230769230765,-0.14884615384615385,-4.110584276537166,-1.0832692307692304
801,820,802,133.406,,,,,,
802,821,803,133.6287,19.62,-0.4969230769230748,-0.6261230769230742,-0.08944615384615351,-2.470174365249301,-0.650969230769228
803,822,804,133.8514,20.63,0.5130769230769232,0.6464769230769233,0.09235384615384612,2.5504741511165503,0.6721307692307694
804,823,805,134.0741,20.72,0.6030769230769231,0.7598769230769231,0.10855384615384611,2.997858672376874,0.7900307692307692
805,824,806,134.2968,,,,,,
806,825,807,134.5195,20.1,-0.016923076923074376,-0.021323076923073715,-0.0030461538461533863,-0.08412358519423635,-0.022169230769227433
807,826,808,134.7422,,,,,,
808,827,809,134.9649,20.82,0.7030769230769245,0.8858769230769249,0.12655384615384635,3.494952584888352,0.9210307692307711
809,828,810,135.1876,,,,,,
810,829,811,135.4103,20.58,0.4630769230769225,0.5834769230769223,0.083353846153846,2.301927194860811,0.6066307692307685
811,830,812,135.633,,,,,,
812,831,813,135.8557,21.53,1.4130769230769253,1.780476923076926,0.2543538461538464,7.024319363719804,1.8511307692307724
813,832,814,136.0784,21.16,1.0430769230769243,1.3142769230769247,0.18775384615384638,5.1850718874273545,1.366430769230771
814,833,815,136.3011,21.33,1.2130769230769225,1.5284769230769224,0.2183538461538459,6.030131538696847,1.5891307692307686
815,834,816,136.5238,,,,,,
816,835,817,136.7465,21.73,1.6130769230769246,2.032476923076925,0.2903538461538462,8.018507188742744,2.1131307692307715
817,836,818,136.9692,,,,,,
818,837,819,137.1919,20.48,0.36307692307692463,0.45747692307692506,0.06535384615384637,1.8048332823493503,0.4756307692307713
819,838,820,137.4146,,,,,,
820,839,821,137.6373,21.31,1.193076923076923,1.503276923076923,0.21475384615384607,5.930712756194555,1.562930769230769
821,840,822,137.86,,,,,,
822,841,823,138.1510484,22.45,2.3330769230769235,2.9396769230769237,0.4199538461538461,11.597583358825332,3.0563307692307697
823,842,824,138.4420968,21.07,0.9530769230769245,1.200876923076925,0.17155384615384617,4.737687366167032,1.2485307692307712
824,843,825,138.7331452,21.51,1.3930769230769258,1.7552769230769265,0.2507538461538463,6.924900581217512,1.8249307692307728
825,844,826,139.0241935,,,,,,
826,845,827,139.3152419,20.46,0.34307692307692506,0.43227692307692556,0.06175384615384649,1.7054144998470582,0.44943076923077185
827,846,828,139.6062903,,,,,,
828,847,829,139.8973387,19.91,-0.20692307692307566,-0.26072307692307534,-0.037246153846153596,-1.0286020189660385,-0.2710692307692291
829,848,830,140.1883871,,,,,,
830,849,831,140.4794355,21.44,1.3230769230769255,1.667076923076926,0.2381538461538466,6.57693484245948,1.7332307692307725
831,850,832,140.7704839,,,,,,
832,851,833,141.0615323,22.96,2.843076923076925,3.582276923076926,0.5117538461538458,14.132762312633846,3.724430769230772
833,852,834,141.3525806,23.25,3.133076923076924,3.9476769230769246,0.5639538461538462,15.574334658917108,4.104330769230771
834,853,835,141.643629,21.87,1.7530769230769252,2.2088769230769256,0.3155538461538465,8.714438666258806,2.296530769230772
835,854,836,141.9346774,,,,,,
836,855,837,142.2257258,23.3,3.183076923076925,4.010676923076925,0.5729538461538466,15.822881615172847,4.169830769230772
837,856,838,142.5167742,,,,,,
838,857,839,142.8078226,22.89,2.7730769230769248,3.4940769230769253,0.4991538461538463,13.784796573875813,3.6327307692307715
839,858,840,143.098871,,,,,,
840,859,841,143.3899194,22.09,1.973076923076924,2.4860769230769244,0.35515384615384615,9.808045273784037,2.5847307692307706
841,860,842,143.6809677,,,,,,
842,861,843,143.9720161,,,,,,
843,862,844,144.2630645,20.08,-0.0369230769230775,-0.04652307692307765,-0.006646153846153947,-0.1835423676965462,-0.04836923076923153
844,863,845,144.5541129,21.73,1.6130769230769246,2.032476923076925,0.2903538461538462,8.018507188742744,2.1131307692307715
845,864,846,144.8451613,,,,,,
846,865,847,145.1362097,22.65,2.533076923076923,3.1916769230769226,0.45595384615384615,12.591771183848271,3.318330769230769
847,866,848,145.4272581,,,,,,
848,867,849,145.7183065,22.42,2.303076923076926,2.9018769230769266,0.4145538461538467,11.448455185071902,3.017030769230773
849,868,850,146.0093548,,,,,,
850,869,851,146.3004032,21.25,1.1330769230769242,1.4276769230769244,0.20395384615384637,5.632456408687678,1.4843307692307708
851,870,852,146.5914516,,,,,,
852,871,853,146.8825,20.79,0.6730769230769234,0.8480769230769234,0.12115384615384617,3.345824411134905,0.8817307692307697
853,872,854,147.1735484,20.97,0.8530769230769231,1.074876923076923,0.15355384615384615,4.240593453655552,1.1175307692307692
854,873,855,147.4645968,22.23,2.1130769230769246,2.662476923076925,0.3803538461538465,10.5039767513001,2.7681307692307713
855,874,856,147.7556452,,,,,,
856,875,857,148.0466935,23.58,3.4630769230769225,4.363476923076923,0.6233538461538455,17.214744570204957,4.536630769230769
857,876,858,148.3377419,,,,,,
858,877,859,148.6287903,20.3,0.1830769230769249,0.2306769230769254,0.0329538461538465,0.9100642398287029,0.23983076923077165
859,878,860,148.9198387,,,,,,
860,879,861,149.2108871,21.13,1.0130769230769232,1.2764769230769233,0.1823538461538461,5.035943713673908,1.3271307692307694
861,880,862,149.5019355,22.02,1.9030769230769238,2.397876923076924,0.3425538461538462,9.460079535026006,2.4930307692307703
862,881,863,149.7929839,22.15,2.033076923076923,2.5616769230769227,0.36595384615384585,10.106301621290914,2.663330769230769
863,882,864,150.0840323,,,,,,
864,883,865,150.3750806,,,,,,
865,884,866,150.666129,21.2175,1.1005769230769253,1.386726923076926,0.19810384615384646,5.470900887121456,1.4417557692307723
866,885,867,150.9571774,,,,,,
867,886,868,151.2482258,24.0975,3.9805769230769243,5.015526923076925,0.716503846153846,19.787205567451828,5.214555769230771
868,887,869,151.5392742,,,,,,
869,888,870,151.8303226,21.8575,1.740576923076926,2.193126923076927,0.31330384615384643,8.652301927194877,2.280155769230773
870,889,871,152.121371,,,,,,
871,890,872,152.4124194,,,,,,
872,891,873,152.7034677,,,,,,
873,892,874,152.9945161,21.6475,1.530576923076925,1.9285269230769255,0.2755038461538464,7.608404710920781,2.005055769230772
874,893,875,153.2855645,,,,,,
875,894,876,153.5766129,21.8075,1.6905769230769252,2.1301269230769257,0.30430384615384654,8.403754970939136,2.214655769230772
876,895,877,153.8676613,,,,,,
877,896,878,154.1587097,23.1575,3.040576923076923,3.831126923076923,0.5473038461538455,15.11452278984399,3.9831557692307693
878,897,879,154.4497581,,,,,,
879,898,880,154.7408065,,,,,,
880,899,881,155.0318548,,,,,,
881,900,882,155.3229032,20.9175,0.8005769230769246,1.0087269230769251,0.1441038461538462,3.9796191495870383,1.0487557692307714
882,901,883,155.6139516,,,,,,
883,902,884,155.905,20.6875,0.5705769230769242,0.7189269230769245,0.10270384615384631,2.836303150810651,0.7474557692307707
884,903,885,156.0905,,,,,,
885,904,886,156.276,22.8275,2.7105769230769248,3.4153269230769254,0.4879038461538463,13.474112878556143,3.5508557692307714
886,905,887,156.4615,,,,,,
887,906,888,156.647,20.3175,0.2005769230769232,0.25272692307692324,0.03610384615384615,0.9970556745182021,0.26275576923076943
888,907,889,156.8325,,,,,,
889,908,890,157.018,22.9975,2.880576923076923,3.6295269230769227,0.5185038461538465,14.319172529825636,3.7735557692307693
890,909,891,157.2035,,,,,,
891,910,892,157.389,21.6575,1.540576923076923,1.941126923076923,0.27730384615384596,7.658114102171918,2.0181557692307694
892,911,893,157.5745,,,,,,
893,912,894,157.76,20.7675,0.6505769230769225,0.8197269230769223,0.11710384615384606,3.23397828081982,0.8522557692307685
894,913,895,157.9455,,,,,,
895,914,896,158.131,22.5875,2.470576923076923,3.1129269230769228,0.4447038461538457,12.281087488528602,3.236455769230769
896,915,897,158.3165,,,,,,
897,916,898,158.502,20.0675,-0.04942307692307679,-0.06227307692307676,-0.008896153846153824,-0.24567910676047658,-0.0647442307692306
898,917,899,158.6875,,,,,,
899,918,900,158.873,21.4475,1.3305769230769258,1.6765269230769264,0.23950384615384657,6.614216885897842,1.7430557692307729
900,919,901,159.0585,,,,,,
901,920,902,159.244,21.3675,1.250576923076924,1.5757269230769242,0.22510384615384615,6.216541755888656,1.6382557692307704
902,921,903,159.4295,,,,,,
903,922,904,159.615,18.7575,-1.3594230769230755,-1.712873076923075,-0.24469615384615362,-6.757609360660746,-1.780844230769229
904,923,905,159.8005,,,,,,
905,924,906,159.986,20.5175,0.4005769230769225,0.5047269230769224,0.07210384615384602,1.9912434995411412,0.5247557692307685
906,925,907,160.1715,,,,,,
907,926,908,160.357,19.6275,-0.4894230769230745,-0.6166730769230739,-0.08809615384615332,-2.43289232181094,-0.6411442307692277
908,927,909,160.5425,,,,,,
909,928,910,160.728,,,,,,
910,929,911,160.9135,,,,,,
911,930,912,161.099,21.1275,1.0105769230769255,1.2733269230769262,0.18190384615384647,5.023516365861132,1.3238557692307724
912,931,913,161.2845,,,,,,
913,932,914,161.47,21.2075,1.0905769230769238,1.374126923076924,0.19630384615384622,5.421191495870301,1.4286557692307702
914,933,915,161.6555,,,,,,
915,934,916,161.841,20.6075,0.4905769230769259,0.6181269230769266,0.08830384615384668,2.4386280208014823,0.6426557692307729
916,935,917,162.0265,,,,,,
917,936,918,162.212,22.0775,1.9605769230769248,2.470326923076925,0.3529038461538465,9.745908534720106,2.5683557692307715
918,937,919,162.3975,,,,,,
919,938,920,162.583,24.1575,4.040576923076923,5.091126923076923,0.7273038461538457,20.085461914958707,5.293155769230769
920,939,921,162.7685,,,,,,
921,940,922,162.954,23.5075,3.3905769230769245,4.272126923076925,0.6103038461538457,16.854351483634147,4.441655769230771
922,941,923,163.1395,,,,,,
923,942,924,163.325,19.6075,-0.5094230769230741,-0.6418730769230734,-0.09169615384615326,-2.532311104313232,-0.6673442307692271
924,943,925,163.5105,,,,,,
925,944,926,163.696,20.7175,0.6005769230769253,0.7567269230769259,0.1081038461538466,2.9854313245640984,0.7867557692307722
926,945,927,163.8815,,,,,,
927,946,928,164.067,20.4775,0.36057692307692335,0.4543269230769234,0.0649038461538462,1.7924059345365568,0.4723557692307696
928,947,929,164.2525,,,,,,
929,948,930,164.438,18.2775,-1.839423076923076,-2.3176730769230756,-0.33109615384615365,-9.143660140715811,-2.4096442307692296
930,949,931,164.6235,,,,,,
931,950,932,164.809,18.8675,-1.249423076923076,-1.574273076923076,-0.22489615384615358,-6.2108060568981305,-1.6367442307692297
932,951,933,164.9945,,,,,,
933,952,934,165.18,19.6275,-0.4894230769230745,-0.6166730769230739,-0.08809615384615332,-2.43289232181094,-0.6411442307692277
934,953,935,165.3655,,,,,,
935,954,936,165.551,20.4575,0.3405769230769238,0.42912692307692396,0.061303846153846264,1.692987152034265,0.44615576923077016
936,955,937,165.7365,,,,,,
937,956,938,165.922,20.5575,0.4405769230769252,0.5551269230769258,0.07930384615384645,2.1900810645457436,0.577155769230772
938,957,939,166.1075,,,,,,
939,958,940,166.293,25.1675,5.050576923076925,6.363726923076925,0.9091038461538465,25.106110431324574,6.616255769230771
940,959,941,166.4785,,,,,,
941,960,942,166.664,21.4375,1.3205769230769242,1.6639269230769245,0.23770384615384632,6.564507494646687,1.7299557692307708
942,961,943,166.8495,,,,,,
943,962,944,167.035,21.3975,1.280576923076925,1.6135269230769256,0.23050384615384645,6.365669929642102,1.6775557692307719
944,963,945,167.2205,,,,,,
945,964,946,167.406,20.4275,0.31057692307692264,0.3913269230769225,0.05590384615384608,1.5438589782808176,0.40685576923076866
946,965,947,167.5915,,,,,,
947,966,948,167.777,24.0375,3.9205769230769256,4.939926923076927,0.7057038461538463,19.488949219944953,5.1359557692307725
948,967,949,167.9625,,,,,,
949,968,950,168.148,21.2875,1.1705769230769256,1.4749269230769262,0.21070384615384663,5.818866625879487,1.5334557692307726
950,969,951,168.3335,,,,,,
951,970,952,168.519,23.8575,3.740576923076926,4.713126923076927,0.6733038461538463,18.594180177424306,4.900155769230773
952,971,953,168.7045,,,,,,
953,972,954,168.89,22.7875,2.6705769230769256,3.364926923076926,0.48070384615384665,13.275275313551557,3.4984557692307727
954,973,955,169.0755,,,,,,
955,974,956,169.261,22.9075,2.790576923076923,3.516126923076923,0.502303846153846,13.87178800856531,3.655655769230769
956,975,957,169.4465,,,,,,
957,976,958,169.632,24.4875,4.370576923076925,5.506926923076925,0.7867038461538467,21.725871826246568,5.725455769230772
958,977,959,169.8175,,,,,,
959,978,960,170.003,23.3575,3.240576923076926,4.083126923076927,0.5833038461538465,16.108710614866947,4.245155769230773
960,979,961,170.1885,,,,,,
961,980,962,170.374,23.3075,3.190576923076925,4.020126923076925,0.574303846153847,15.860163658611206,4.179655769230772
962,981,963,,,,,,,
963,982,964,,22.9675,2.8505769230769253,3.591726923076926,0.5131038461538462,14.170044356072205,3.7342557692307725
