,Depth (mcd),Age (Hall 2001),LR04 Age (Elderfield 2012),SS_mean,SS_dHolocene,dU_dhol_mccave,dU_dhol_mccave_2std,pct_dU_dHol_mccave,dU_dhol_culp
0,0.04,0.00084,7.180981595092025,20.18,2.9117500000000014,3.959980000000002,0.5532325000000005,16.86187077439811,4.105567500000002
1,0.09,0.00189,8.08588957055215,20.747,3.4787500000000016,4.731100000000002,0.6609625000000001,20.14535346662228,4.9050375000000015
2,0.21,0.00441,10.2576687116564,13.721,-3.5472499999999982,-4.824259999999998,-0.6739774999999995,-20.542035238081443,-5.001622499999997
3,0.29,0.00609,11.7055214723926,14.425,-2.8432499999999976,-3.866819999999997,-0.5402174999999998,-16.465189002938907,-4.008982499999997
4,0.42,0.00882,14.058282208589002,14.944,-2.3242499999999975,-3.160979999999997,-0.4416074999999995,-13.459673099474456,-3.2771924999999964
5,0.49,0.01029,15.3251533742331,15.239,-2.0292499999999976,-2.759779999999997,-0.3855574999999991,-11.751335543555356,-2.8612424999999964
6,0.58,0.012116298811545,16.9539877300614,15.853,-1.4152499999999986,-1.9247399999999981,-0.26889749999999957,-8.195677037337303,-1.995502499999998
7,0.68,0.0141366723259762,18.763803680981596,16.402,-0.8662499999999973,-1.1780999999999964,-0.16458749999999944,-5.01643189089802,-1.221412499999996
8,0.78,0.0161570458404075,20.5736196319018,16.217,-1.0512499999999996,-1.4296999999999995,-0.1997374999999999,-6.087762222576113,-1.4822624999999994
9,0.9,0.018581494057725,22.7453987730061,17.914,0.6457500000000032,0.8782200000000043,0.12269250000000065,3.7395219550330996,0.9105075000000044
10,1.02,0.0210059422750424,24.917177914110404,16.771,-0.4972499999999975,-0.6762599999999966,-0.09447749999999955,-2.8795622023076892,-0.7011224999999964
11,1.09,0.0224202037351443,26.184049079754605,17.827,0.5587500000000034,0.7599000000000047,0.1061625000000006,3.235707150406112,0.7878375000000047
12,1.22,0.0250466893039049,28.5368098159509,18.268,0.9997500000000024,1.3596600000000032,0.1899525000000004,5.789527022136015,1.4096475000000033
13,1.28,0.0262589134125637,29.6226993865031,18.317,1.0487500000000018,1.4263000000000026,0.19926250000000034,6.073284785661557,1.4787375000000025
14,1.42,0.0290874363327674,32.15644171779141,17.9715,0.7032500000000006,0.9564200000000008,0.13361750000000006,4.072503004068164,0.9915825000000008
15,1.54,0.0315118845500849,34.32822085889569,17.626,0.3577500000000029,0.48654000000000397,0.06797250000000055,2.07172122247479,0.504427500000004
16,1.59,0.0325220713073005,35.233128834355796,16.173,-1.09525,-1.48954,-0.20809750000000005,-6.342565112272523,-1.5443025
17,1.7,0.0347444821731749,37.2239263803681,16.322,-0.9462499999999991,-1.2868999999999988,-0.1797875,-5.479709872164227,-1.3342124999999987
18,1.78,0.0363607809847199,38.67177914110431,17.018,-0.25024999999999764,-0.3403399999999968,-0.04754749999999952,-1.449191435148308,-0.3528524999999966
19,1.88,0.0383811544991511,40.4815950920245,17.968,0.6997500000000016,0.9516600000000023,0.13295250000000036,4.052234592387773,0.9866475000000022
20,1.98,0.0404015280135823,42.2914110429448,18.696,1.4277500000000032,1.9417400000000045,0.27127250000000047,8.268064221910173,2.0131275000000044
21,2.09,0.0426239388794567,44.282208588957104,17.314,0.045750000000001734,0.062220000000002364,0.008692500000000332,0.26493709553661626,0.06450750000000244
22,2.25,0.0458565365025467,47.1779141104294,17.325,0.056750000000000966,0.07718000000000132,0.01078250000000018,0.32863781796071384,0.08001750000000135
23,2.29,0.0466646859083192,47.9018404907975,16.652,-0.6162499999999973,-0.8380999999999964,-0.11708749999999946,-3.568688199441156,-0.8689124999999961
24,2.4,0.0488870967741936,49.8926380368098,17.338,0.06975000000000264,0.09486000000000361,0.013252500000000486,0.40392048991648055,0.09834750000000372
25,2.49,0.0507054329371817,51.521472392638,16.709,-0.5592499999999987,-0.7605799999999983,-0.10625749999999978,-3.2386026377889987,-0.7885424999999981
26,2.57,0.0523217317487267,52.96932515337419,14.712,-2.5562499999999986,-3.4764999999999984,-0.4856874999999996,-14.803179245146433,-3.6043124999999976
27,2.69,0.0547461799660441,55.141104294478495,17.032,-0.2362499999999983,-0.3212999999999977,-0.04488749999999969,-1.368117788426727,-0.3331124999999976
28,2.8,0.0569685908319185,57.1319018404908,15.662,-1.6062499999999975,-2.1844999999999968,-0.3051874999999993,-9.30175321761034,-2.2648124999999966
29,3.01,0.0612113752122241,60.9325153374233,16.556,-0.7122499999999974,-0.9686599999999965,-0.13532749999999938,-4.124621776960592,-1.0042724999999963
30,3.11,0.0632317487266554,62.7423312883436,15.944,-1.3242499999999975,-1.8009799999999967,-0.2516074999999993,-7.668698333646998,-1.8671924999999963
31,3.19,0.0648480475382003,64.1901840490798,15.321,-1.9472499999999986,-2.6482599999999983,-0.3699774999999996,-11.276475612757512,-2.745622499999998
32,3.29,0.0668684210526316,66.00000000000001,16.349,-0.9192499999999981,-1.2501799999999976,-0.17465749999999947,-5.32335355348688,-1.2961424999999973
33,3.38,0.0686867572156197,68.6619718309859,16.546,-0.722249999999999,-0.9822599999999987,-0.13722749999999972,-4.1825315246188755,-1.0183724999999983
34,3.49,0.0713120204603581,71.91549295774651,14.789,-2.4792499999999986,-3.3717799999999984,-0.4710574999999997,-14.357274188177719,-3.4957424999999978
35,3.58,0.0739360613810742,74.57746478873241,14.241,-3.0272499999999987,-4.117059999999999,-0.5751774999999997,-17.530728359851167,-4.268422499999998
36,3.66,0.0762685421994885,76.94366197183102,14.221,-3.0472499999999982,-4.144259999999998,-0.5789774999999988,-17.646547855167714,-4.296622499999997
37,3.77,0.0794757033248082,80.1971830985915,14.741,-2.5272499999999987,-3.4370599999999984,-0.4801774999999995,-14.635240976937435,-3.563422499999998
38,3.89,0.0829744245524297,83.7464788732394,14.669,-2.599249999999998,-3.5349799999999973,-0.49385749999999984,-15.052191160077008,-3.664942499999997
39,3.97,0.085306905370844,86.112676056338,14.515,-2.7532499999999978,-3.744419999999997,-0.5231174999999997,-15.944001274014438,-3.8820824999999965
40,4.07,0.0882225063938619,89.24528301886788,15.58,-1.6882499999999983,-2.2960199999999977,-0.32076749999999965,-9.776613148408195,-2.3804324999999973
41,4.17,0.0911381074168798,92.45283018867929,14.902,-2.366249999999999,-3.218099999999999,-0.4495874999999998,-13.702894039639219,-3.3364124999999984
42,4.29,0.0946368286445013,96.30188679245282,16.148,-1.1202499999999986,-1.5235399999999983,-0.21284749999999963,-6.487339481418203,-1.579552499999998
43,4.38,0.0972608695652174,99.18867924528297,16.374,-0.8942499999999995,-1.2161799999999994,-0.16990749999999988,-5.178579184341202,-1.2608924999999993
44,4.52,0.101342710997442,103.67924528301899,15.509,-1.759249999999998,-2.3925799999999975,-0.33425749999999965,-10.187772356781945,-2.480542499999997
45,4.57,0.102800511508951,105.28301886792501,15.036,-2.2322499999999987,-3.0358599999999987,-0.42412749999999955,-12.926903421018338,-3.147472499999998
46,4.67,0.105716112531969,108.49056603773599,,,,,,
47,4.78,0.108923273657289,112.018867924528,14.414,-2.8542499999999986,-3.8817799999999982,-0.5423074999999997,-16.528889725363012,-4.024492499999998
48,4.88,0.111838874680307,115.22641509433998,13.179,-4.089249999999998,-5.561379999999998,-0.7769574999999991,-23.680743561159925,-5.765842499999997
49,4.98,0.114754475703325,118.433962264151,14.696,-2.5722499999999986,-3.4982599999999984,-0.48872749999999954,-14.895834841399672,-3.626872499999998
50,5.07,0.117378516624041,121.32075471698099,14.359,-2.9092499999999983,-3.956579999999998,-0.5527574999999993,-16.847393337483524,-4.102042499999998
51,5.18,0.120585677749361,124.84905660377402,13.273,-3.9952499999999986,-5.433539999999999,-0.7590974999999993,-23.13639193317215,-5.633302499999997
52,5.28,0.123501278772379,128.05660377358498,15.04,-2.228249999999999,-3.030419999999999,-0.4233674999999999,-12.90373952195503,-3.1418324999999987
53,5.36,0.125833759590793,130.622641509434,14.688,-2.5802499999999977,-3.5091399999999973,-0.4902474999999993,-14.942162639526288,-3.6381524999999963
54,5.48,0.12895225464191,134.471698113208,13.347,-3.921249999999999,-5.332899999999999,-0.7450374999999996,-22.707859800500916,-5.528962499999998
55,5.59,0.131636604774536,138.0,14.363,-2.9052499999999988,-3.9511399999999988,-0.5519974999999997,-16.82422943842022,-4.096402499999998
56,5.68,0.133832891246684,139.914027149321,16.282,-0.9862499999999983,-1.3412999999999977,-0.1873874999999996,-5.711348862797321,-1.3906124999999976
57,5.78,0.136273209549072,142.0407239819,14.553,-2.7152499999999975,-3.692739999999997,-0.5158974999999995,-15.723944232912993,-3.8285024999999964
58,5.88,0.138713527851459,144.16742081448,14.86,-2.408249999999999,-3.2752199999999987,-0.4575674999999997,-13.94611497980397,-3.3956324999999983
59,6.05,0.142862068965517,147.782805429864,,,,,,
60,6.09,0.143838196286472,148.63348416289597,16.802,-0.4662499999999987,-0.6340999999999983,-0.08858749999999971,-2.7000419845670454,-0.6574124999999982
61,6.19,0.146278514588859,150.760180995475,16.629,-0.639249999999997,-0.8693799999999959,-0.12145749999999944,-3.7018806190551854,-0.9013424999999957
62,6.29,0.148718832891247,152.886877828054,15.071,-2.1972499999999986,-2.988259999999998,-0.41747749999999995,-12.724219304214374,-3.098122499999998
63,6.38,0.150915119363395,154.800904977376,15.962,-1.3062499999999986,-1.7764999999999982,-0.24818749999999978,-7.564460787862109,-1.8418124999999979
64,6.48,0.153355437665782,156.927601809955,16.813,-0.4552499999999995,-0.6191399999999994,-0.0864974999999999,-2.6363412621429476,-0.6419024999999993
65,6.57,0.155551724137931,158.841628959276,16.361,-0.9072499999999977,-1.2338599999999968,-0.17237749999999963,-5.253861856296948,-1.2792224999999966
66,6.7,0.158724137931034,161.606334841629,15.606,-1.6622499999999985,-2.260659999999998,-0.3158274999999997,-9.626047804496682,-2.343772499999998
67,6.78,0.160676392572944,163.307692307692,16.025,-1.2432499999999997,-1.6908199999999998,-0.23621749999999997,-7.199629377614987,-1.7529824999999994
68,6.9,0.163604774535809,165.85972850678704,14.694,-2.5742499999999975,-3.5009799999999967,-0.48910749999999936,-14.907416790931318,-3.6296924999999964
69,6.98,0.165557029177719,167.56108597285103,17.664,0.39575000000000315,0.5382200000000044,0.07519250000000055,2.291778263576235,0.5580075000000044
70,7.1,0.168485411140584,170.11312217194597,16.248,-1.0202499999999972,-1.3875399999999962,-0.1938474999999995,-5.908242004835448,-1.438552499999996
71,7.22,0.171413793103448,172.66515837104066,16.048,-1.22025,-1.6595400000000002,-0.23184749999999998,-7.066436958000957,-1.7205525
72,7.31,0.173610079575597,174.57918552036196,14.911,-2.3572499999999987,-3.2058599999999986,-0.4478774999999997,-13.65077526674677,-3.323722499999998
73,7.42,0.176294429708223,176.91855203619897,15.655,-1.613249999999999,-2.1940199999999987,-0.30651749999999955,-9.342290040971141,-2.2746824999999986
74,7.52,0.17873474801061,179.04524886877803,16.542,-0.7262499999999967,-0.9876999999999956,-0.13798749999999949,-4.205695423682173,-1.0240124999999953
75,7.64,0.181663129973475,181.59728506787297,15.416,-1.852249999999998,-2.5190599999999974,-0.3519274999999995,-10.726333010003898,-2.611672499999997
76,7.72,0.183615384615385,183.298642533937,15.838,-1.4302499999999991,-1.945139999999999,-0.2717474999999996,-8.282541658824718,-2.016652499999999
77,7.82,0.186055702917772,185.506666666667,15.755,-1.5132499999999975,-2.058019999999997,-0.2875174999999994,-8.763192564388387,-2.1336824999999964
78,7.95,0.189228116710875,188.80000000000004,15.804,-1.464249999999998,-1.9913799999999975,-0.2782074999999995,-8.479434800862846,-2.064592499999997
79,8.02,0.190936339522546,190.573333333333,14.35,-2.9182499999999987,-3.9688199999999987,-0.554467499999999,-16.899512110375976,-4.114732499999998
80,8.11,0.193132625994695,192.8533333333335,13.455,-3.8132499999999983,-5.186019999999998,-0.7245174999999993,-22.082434525791548,-5.376682499999998
81,8.18,0.194840848806366,194.6266666666665,13.641,-3.6272499999999983,-4.9330599999999984,-0.6891774999999987,-21.00531321934764,-5.114422499999997
82,8.31,0.19801326259947,197.92000000000002,13.283,-3.985249999999999,-5.419939999999999,-0.7571974999999993,-23.07848218551387,-5.619202499999998
83,8.41,0.200453580901857,200.4533333333335,12.758,-4.510249999999999,-6.133939999999999,-0.8569474999999995,-26.118743937573292,-6.359452499999999
84,8.49,0.202405835543767,202.4799999999997,14.606,-2.6622499999999985,-3.620659999999998,-0.5058274999999997,-15.417022570324143,-3.7537724999999975
85,8.62,0.20557824933687,205.77333333333303,14.235,-3.033249999999999,-4.125219999999999,-0.5763175,-17.565474208446133,-4.276882499999998
86,8.72,0.208018567639257,208.306666666667,13.9,-3.368249999999998,-4.5808199999999974,-0.6399674999999991,-19.505450754998325,-4.749232499999997
87,8.82,0.210458885941645,210.84,14.781,-2.4872499999999977,-3.3826599999999973,-0.47257749999999943,-14.403601986304334,-3.5070224999999966
88,8.92,0.212899204244032,213.373333333333,15.599,-1.6692499999999981,-2.2701799999999976,-0.31715749999999954,-9.666584627857475,-2.353642499999997
89,9.02,0.215339522546419,215.906666666667,15.147,-2.121249999999998,-2.884899999999998,-0.4030374999999995,-12.284105222011487,-2.990962499999997
90,9.12,0.217779840848806,218.44000000000003,16.674,-0.5942499999999988,-0.8081799999999985,-0.11290749999999972,-3.441286754592961,-0.8378924999999983
91,9.22,0.2202,220.973333333333,16.489,-0.7792499999999976,-1.0597799999999968,-0.1480574999999995,-4.5126170862710335,-1.0987424999999964
92,9.32,0.2226,223.527272727273,15.031,-2.2372499999999977,-3.042659999999997,-0.42507749999999955,-12.95585829484747,-3.1545224999999966
93,9.4,0.22452,225.6363636363635,14.621,-2.647249999999998,-3.6002599999999974,-0.5029774999999996,-15.330157948836728,-3.7326224999999966
94,9.52,0.2274,228.8,14.16,-3.108249999999998,-4.227219999999998,-0.5905674999999988,-17.99979731588319,-4.382632499999997
95,9.62,0.2298,231.43636363636404,15.782,-1.4862499999999983,-2.021299999999998,-0.28238749999999957,-8.606836245711051,-2.0956124999999974
96,9.68,0.23124,233.018181818182,13.458,-3.810249999999998,-5.181939999999998,-0.7239474999999986,-22.065061601494065,-5.372452499999997
97,9.82,0.2346,236.70909090909097,14.332,-2.9362499999999976,-3.993299999999997,-0.5578874999999996,-17.00374965616086,-4.140112499999996
98,9.93,0.23724,239.60909090909098,14.316,-2.9522499999999976,-4.015059999999997,-0.5609274999999991,-17.0964052524141,-4.162672499999997
99,9.99,0.23868,241.19090909090886,13.206,-4.062249999999999,-5.524659999999999,-0.7718274999999997,-23.524387242482586,-5.727772499999998
100,10.12,0.2418,244.61818181818182,13.501,-3.767249999999999,-5.123459999999999,-0.7157774999999997,-21.816049686563485,-5.311822499999998
101,10.22,0.243975609756098,247.254545454545,14.909,-2.3592499999999976,-3.208579999999997,-0.44825749999999953,-13.662357216278417,-3.3265424999999964
102,10.32,0.245926829268293,249.89090909090896,16.128,-1.1402499999999982,-1.5507399999999978,-0.21664749999999944,-6.60315897673475,-1.6077524999999975
103,10.41,0.247682926829268,252.1894273127755,17.043,-0.22524999999999906,-0.3063399999999987,-0.04279749999999982,-1.3044170660026295,-0.3176024999999987
104,10.52,0.249829268292683,254.273127753304,17.276,0.007750000000001478,0.010540000000002011,0.0014725000000002791,0.04488005443517136,0.010927500000002083
105,10.61,0.251585365853659,255.97797356828198,16.261,-1.007249999999999,-1.369859999999999,-0.19137749999999976,-5.832959332879703,-1.4202224999999986
106,10.72,0.253731707317073,258.061674008811,16.563,-0.7052499999999995,-0.9591399999999993,-0.13399749999999988,-4.084084953599812,-0.9944024999999992
107,10.82,0.255682926829268,259.955947136564,15.958,-1.3102499999999981,-1.7819399999999976,-0.24894749999999966,-7.587624686925416,-1.8474524999999973
108,10.94,0.258024390243902,262.22907488986743,,,,,,
109,11.02,0.259585365853658,263.7444933920706,17.782,0.5137500000000017,0.6987000000000023,0.09761250000000032,2.9751132859438667,0.7243875000000024
110,11.1,0.261146341463415,265.25991189427333,17.865,0.5967500000000001,0.8115800000000002,0.11338250000000005,3.4557641915075363,0.8414175000000002
111,11.26,0.264268292682927,268.29074889867854,17.948,0.6797500000000021,0.9244600000000028,0.12915250000000034,3.936415097071227,0.9584475000000029
112,11.36,0.266219512195122,270.185022026432,17.797,0.5287500000000023,0.7191000000000032,0.10046250000000034,3.061977907431282,0.7455375000000032
113,11.48,0.268560975609756,272.45814977973566,16.323,-0.9452499999999979,-1.2855399999999972,-0.17959749999999963,-5.473918897398393,-1.332802499999997
114,11.79,0.274609756097561,278.33039647577135,17.232,-0.036249999999999005,-0.04929999999999865,-0.0068874999999998104,-0.20992283526123962,-0.0511124999999986
115,11.86,0.275975609756098,279.6563876651985,,,,,,
116,11.97,0.278121951219512,281.74008810572707,15.713,-1.5552499999999991,-2.115139999999999,-0.29549749999999975,-9.00641350455315,-2.192902499999999
117,12.06,0.279878048780488,283.444933920705,15.017,-2.251249999999999,-3.0616999999999988,-0.42773749999999966,-13.03693194156906,-3.1742624999999984
118,12.16,0.281829268292683,285.339207048458,13.577,-3.6912499999999984,-5.0200999999999985,-0.7013374999999993,-21.3759356043606,-5.204662499999998
119,12.27,0.283975609756098,287.422907488987,13.82,-3.448249999999998,-4.689619999999998,-0.6551674999999992,-19.968728736264524,-4.862032499999997
120,12.37,0.285926829268293,289.31718061674,15.853,-1.4152499999999986,-1.9247399999999981,-0.26889749999999957,-8.195677037337303,-1.995502499999998
121,12.46,0.287682926829268,291.022026431718,15.539,-1.7292499999999986,-2.3517799999999984,-0.3285574999999996,-10.014043113807125,-2.438242499999998
122,12.56,0.289634146341463,292.9162995594715,16.279,-0.9892499999999984,-1.345379999999998,-0.18795749999999956,-5.728721787094805,-1.3948424999999978
123,12.65,0.291395454545454,294.62114537444904,,,,,,
124,12.75,0.293372727272727,296.3142857142856,16.209,-1.0592499999999987,-1.4405799999999984,-0.20125749999999965,-6.134090020702728,-1.493542499999998
125,12.85,0.29535,297.9571428571426,15.87,-1.398249999999999,-1.901619999999999,-0.2656674999999997,-8.097230466318239,-1.9715324999999986
126,12.95,0.297327272727273,299.5999999999996,17.809,0.5407500000000027,0.7354200000000037,0.10274250000000051,3.131469604621214,0.7624575000000038
127,13.05,0.299304545454545,301.2428571428571,17.467,0.19875000000000043,0.2703000000000006,0.03776250000000009,1.1509562347082098,0.2802375000000006
128,13.14,0.301084090909091,302.7214285714289,17.125,-0.14324999999999832,-0.19481999999999774,-0.027217499999999673,-0.8295571352047738,-0.20198249999999762
129,13.25,0.303259090909091,304.5285714285716,16.756,-0.5122499999999981,-0.6966599999999975,-0.09732749999999957,-2.966426823795105,-0.7222724999999973
130,13.36,0.305434090909091,306.3357142857143,15.626,-1.6422499999999989,-2.2334599999999987,-0.3120274999999997,-9.510228309180137,-2.3155724999999983
131,13.45,0.307213636363636,307.8142857142856,17.991,0.7227500000000013,0.9829400000000019,0.13732250000000024,4.185427012001804,1.0190775000000019
132,13.56,0.309388636363636,309.6214285714283,17.491,0.22275000000000134,0.3029400000000018,0.04232250000000026,1.289939629088074,0.31407750000000184
133,13.65,0.311168181818182,311.1,16.716,-0.5522499999999972,-0.7510599999999963,-0.10492749999999951,-3.198065814428198,-0.7786724999999961
134,13.75,0.313145454545455,312.742857142857,14.506,-2.762249999999998,-3.756659999999998,-0.5248274999999993,-15.996120046906887,-3.894772499999997
135,13.84,0.314925,314.2214285714284,14.609,-2.6592499999999983,-3.616579999999998,-0.505257499999999,-15.399649646026662,-3.7495424999999973
136,13.94,0.316902272727273,315.8642857142854,16.555,-0.7132499999999986,-0.9700199999999982,-0.13551749999999962,-4.130412751726427,-1.005682499999998
137,14.06,0.319275,317.8357142857145,18.677,1.4087500000000013,1.915900000000002,0.26766250000000014,8.15803570135944,1.9863375000000016
138,14.16,0.321252272727273,320.15999999999997,17.628,0.3597500000000018,0.48926000000000247,0.06835250000000037,2.0833031720064383,0.5072475000000025
139,14.26,0.323229545454545,322.56000000000006,18.184,0.9157500000000027,1.2454200000000037,0.17399250000000044,5.303085141806511,1.2912075000000038
140,14.36,0.325206818181818,324.96,18.962,1.6937500000000014,2.303500000000002,0.3218125000000005,9.808463509620264,2.3881875000000017
141,14.46,0.327184090909091,327.36,16.61,-0.6582499999999989,-0.8952199999999986,-0.12506749999999967,-3.811909139605918,-0.9281324999999984
142,14.55,0.328963636363636,329.52,15.201,-2.067249999999998,-2.811459999999997,-0.39277749999999934,-11.971392584656801,-2.9148224999999965
143,14.65,0.330940909090909,331.91999999999996,15.623,-1.645249999999999,-2.2375399999999988,-0.31259749999999986,-9.52760123347762,-2.3198024999999984
144,14.76,0.333115909090909,334.56,15.225,-2.0432499999999987,-2.7788199999999983,-0.38821749999999966,-11.832409190276946,-2.880982499999998
145,14.86,0.335095238095238,336.96,15.09,-2.1782499999999985,-2.962419999999998,-0.41386749999999983,-12.614190783663654,-3.071332499999998
146,14.95,0.336880952380952,339.12,16.522,-0.7462499999999999,-1.0149,-0.14178749999999996,-4.32151491899874,-1.0522124999999998
147,15.05,0.338865079365079,341.52,15.916,-1.352249999999998,-1.8390599999999973,-0.25692749999999975,-7.830845627090169,-1.906672499999997
148,15.16,0.341047619047619,343.734939759036,16.2,-1.068249999999999,-1.452819999999999,-0.20296749999999975,-6.186208793595178,-1.5062324999999985
149,15.26,0.343031746031746,345.6626506024097,17.162,-0.10624999999999929,-0.14449999999999905,-0.02018749999999986,-0.6152910688691633,-0.149812499999999
150,15.36,0.345015873015873,347.590361445783,16.075,-1.193249999999999,-1.6228199999999988,-0.22671749999999968,-6.91008063932361,-1.6824824999999985
151,15.45,0.346801587301587,349.32530120481937,13.927,-3.3412499999999987,-4.5440999999999985,-0.6348374999999997,-19.34909443632099,-4.711162499999998
152,15.55,0.348785714285714,351.2530120481925,16.464,-0.8042499999999997,-1.0937799999999998,-0.15280749999999976,-4.657391455416732,-1.1339924999999995
153,15.65,0.350769841269841,353.180722891566,17.651,0.3827500000000015,0.520540000000002,0.07272250000000036,2.2164955916204683,0.539677500000002
154,15.76,0.352952380952381,355.3012048192771,17.928,0.6597500000000025,0.8972600000000035,0.12535250000000042,3.8205956017546803,0.9302475000000034
155,15.86,0.354936507936508,357.228915662651,13.922,-3.3462499999999977,-4.550899999999997,-0.6357875000000002,-19.378049310150118,-4.718212499999996
156,15.96,0.356920634920635,359.156626506024,16.341,-0.9272499999999972,-1.2610599999999963,-0.17617749999999943,-5.369681351613495,-1.307422499999996
157,16.07,0.359103174603175,361.2771084337353,15.421,-1.847249999999999,-2.5122599999999986,-0.35097749999999994,-10.697378136174766,-2.6046224999999983
158,16.15,0.360690476190476,362.81927710843337,16.342,-0.9262499999999996,-1.2596999999999996,-0.17598749999999974,-5.3638903768476816,-1.3060124999999994
159,16.26,0.362873015873016,364.93975903614466,16.85,-0.4182499999999969,-0.5688199999999958,-0.07946749999999947,-2.4220751958073166,-0.5897324999999956
160,16.36,0.364857142857143,366.867469879518,15.639,-1.629249999999999,-2.2157799999999988,-0.30955749999999993,-9.43494563722438,-2.2972424999999985
161,16.46,0.36684126984127,368.795180722892,15.768,-1.5002499999999976,-2.040339999999997,-0.2850474999999997,-8.68790989243263,-2.1153524999999966
162,16.56,0.368825396825397,370.72289156626505,13.934,-3.334249999999999,-4.534579999999999,-0.6335074999999994,-19.308557612960197,-4.701292499999998
163,16.66,0.370809523809524,372.650602409639,13.578,-3.690249999999999,-5.018739999999999,-0.7011474999999994,-21.370144629594776,-5.203252499999998
164,16.76,0.372793650793651,374.578313253012,13.399,-3.869249999999999,-5.262179999999999,-0.7351574999999997,-22.406729112677887,-5.455642499999999
165,16.86,0.374777777777778,376.506024096386,13.532,-3.7362499999999983,-5.081299999999998,-0.7098874999999998,-21.636529468822832,-5.268112499999997
166,16.96,0.376761904761905,378.433734939759,13.639,-3.629249999999999,-4.935779999999999,-0.6895574999999994,-21.016895168879298,-5.117242499999998
167,17.06,0.378746031746032,380.361445783133,14.586,-2.682249999999998,-3.6478599999999974,-0.5096274999999992,-15.53284206564069,-3.781972499999997
168,17.17,0.380928571428571,382.4819277108434,15.588,-1.6802499999999991,-2.285139999999999,-0.3192474999999999,-9.730285350281582,-2.3691524999999984
169,17.26,0.382714285714286,384.21686746988007,14.308,-2.9602499999999985,-4.0259399999999985,-0.5624474999999993,-17.142733050540727,-4.173952499999998
170,17.36,0.384698412698413,386.144578313253,14.88,-2.3882499999999975,-3.248019999999997,-0.45376749999999966,-13.830295484487412,-3.3674324999999965
171,17.46,0.38668253968254,388.072289156627,12.725,-4.543249999999999,-6.178819999999998,-0.8632175000000002,-26.30984610484559,-6.405982499999998
172,17.56,0.388666666666667,390.0,14.36,-2.908249999999999,-3.955219999999999,-0.5525674999999994,-16.8416023627177,-4.100632499999998
173,17.66,0.390650793650794,393.3846153846149,14.726,-2.5422499999999975,-3.4574599999999966,-0.4830274999999995,-14.722105598424843,-3.584572499999996
174,17.76,0.392634920634921,396.76923076923106,15.532,-1.7362499999999983,-2.3612999999999977,-0.3298874999999999,-10.054579937167915,-2.4481124999999975
175,17.86,0.394619047619048,400.153846153846,12.62,-4.648249999999999,-6.321619999999999,-0.8831674999999999,-26.91789845525748,-6.554032499999998
176,17.96,0.396603174603175,403.5384615384621,12.885,-4.3832499999999985,-5.961219999999998,-0.8328175,-25.383290142313196,-6.180382499999998
177,18.06,0.398587301587302,406.92307692307713,12.521,-4.7472499999999975,-6.456259999999997,-0.9019774999999992,-27.491204957074387,-6.6936224999999965
178,18.16,0.400571428571429,410.30769230769204,11.997,-5.271249999999998,-7.168899999999998,-1.0015375000000004,-30.52567573436798,-7.432462499999997
179,18.26,0.402555555555556,413.692307692308,12.852,-4.416249999999998,-6.006099999999997,-0.8390874999999998,-25.5743923095855,-6.2269124999999965
180,18.35,0.40434126984127,416.7384615384613,16.938,-0.3302499999999995,-0.4491399999999993,-0.06274749999999996,-1.912469416414515,-0.46565249999999925
181,18.46,0.406523809523809,420.461538461539,15.906,-1.3622499999999977,-1.852659999999997,-0.2588274999999993,-7.888755374748442,-1.9207724999999967
182,18.56,0.408507936507936,423.846153846154,15.713,-1.5552499999999991,-2.115139999999999,-0.29549749999999975,-9.00641350455315,-2.192902499999999
183,18.66,0.410603448275862,427.23076923076906,16.763,-0.5052499999999966,-0.6871399999999955,-0.09599749999999929,-2.925890000434304,-0.7124024999999953
184,18.76,0.412810344827586,430.615384615385,16.984,-0.28424999999999656,-0.38657999999999537,-0.05400749999999932,-1.6460845771864352,-0.4007924999999951
185,18.86,0.41501724137931,433.99999999999994,17.774,0.5057500000000026,0.6878200000000035,0.09609250000000047,2.928785487817252,0.7131075000000036
186,18.96,0.417224137931034,435.77272727272697,15.931,-1.3372499999999992,-1.818659999999999,-0.25407749999999973,-7.743981005602764,-1.8855224999999987
187,19.06,0.419431034482759,437.5454545454551,19.15,1.8817500000000003,2.5591800000000005,0.35753250000000003,10.897166765595822,2.6532675
188,19.16,0.421637931034483,439.318181818182,17.385,0.11675000000000324,0.15878000000000442,0.022182500000000605,0.6760963039103746,0.16461750000000455
189,19.26,0.423844827586207,441.090909090909,16.022,-1.2462499999999999,-1.6948999999999999,-0.23678749999999993,-7.217002301912469,-1.7572124999999996
190,19.36,0.426051724137931,442.863636363636,16.927,-0.3412499999999987,-0.4640999999999983,-0.06483749999999977,-1.9761701388386128,-0.48116249999999816
191,19.46,0.428258620689655,444.6363636363641,17.845,0.5767500000000005,0.7843800000000007,0.10958250000000014,3.3399446961909898,0.8132175000000007
192,19.56,0.430465517241379,446.409090909091,15.531,-1.7372499999999977,-2.3626599999999973,-0.33007749999999936,-10.06037091193374,-2.4495224999999965
193,19.66,0.432672413793103,448.181818181818,17.384,0.11575000000000202,0.15742000000000275,0.021992500000000387,0.67030532914454,0.16320750000000284
194,19.76,0.434879310344828,449.95454545454595,15.971,-1.2972499999999982,-1.7642599999999977,-0.24647749999999946,-7.51234201496966,-1.8291224999999973
195,19.85,0.436865517241379,451.54999999999995,16.433,-0.8352499999999985,-1.135939999999998,-0.1586974999999997,-4.836911673157376,-1.1777024999999979
196,19.94,0.438851724137931,453.1454545454545,14.992,-2.2762499999999974,-3.095699999999997,-0.43248749999999925,-13.18170631071474,-3.209512499999996
197,20.01,0.440396551724138,454.3863636363638,16.3273726201269,-0.9408773798730969,-1.2795932366274119,-0.17876670217588853,-5.44859716458296,-1.3266371056210666
198,20.11,0.442603448275862,456.159090909091,16.5691749773345,-0.6990750226654967,-0.9507420308250756,-0.1328242543064444,-4.04832581567615,-0.9856957819583503
199,20.21,0.444810344827586,457.93181818181773,17.4816264732548,0.2133764732548009,0.29019200362652925,0.0405415299184122,1.2356577722398097,0.3008608272892693
200,20.31,0.44701724137931,459.7045454545454,16.0470770625567,-1.2211729374432991,-1.660795194922887,-0.23202285811422674,-7.071781665445539,-1.7218538417950517
201,20.41,0.449224137931034,461.47727272727275,14.5322883046238,-2.735961695376199,-3.720907905711631,-0.5198327221214778,-15.84388513819408,-3.8577059904804405
202,20.51,0.451431034482759,463.25000000000006,15.5336536718042,-1.7345963281957975,-2.359051006346285,-0.3295733023572014,-10.04500356547883,-2.4457808227560744
203,20.61,0.453637931034483,465.0227272727275,14.6049374433364,-2.6633125566635982,-3.622105077062494,-0.5060293857660834,-15.42317580915031,-3.7552707048956733
204,20.71,0.455844827586207,466.79545454545473,15.3482357207616,-1.9200142792383978,-2.6112194197642213,-0.3648027130552953,-11.118754241097959,-2.707220133726141
205,20.81,0.458051724137931,468.5681818181819,14.8662574796011,-2.401992520398899,-3.266709827742503,-0.45637857887579036,-13.909878073336321,-3.3868094537624476
206,20.91,0.460258620689655,470.34090909090867,15.1140235720762,-2.154226427923799,-2.929747941976367,-0.40930302130552176,-12.475070883985346,-3.0374592633725563
207,21.01,0.462465517241379,472.11363636363654,15.0093871260199,-2.2588628739800978,-3.072053508612933,-0.4291839460562188,-13.081017902683238,-3.1849966523119377
208,21.11,0.464672413793103,473.88636363636374,15.1178186763373,-2.1504313236626977,-2.9245866001812693,-0.40858195149591214,-12.453093530975623,-3.0321081663644036
209,21.21,0.466879310344828,475.659090909091,17.636,0.3677500000000009,0.5001400000000013,0.06987250000000023,2.129630970133053,0.5185275000000013
210,21.31,0.469086206896552,477.43181818181773,15.444739800544,-1.823510199455999,-2.479973871260159,-0.34646693789663985,-10.559901550278687,-2.5711493812329587
211,21.41,0.471293103448276,479.2045454545455,14.3371115140526,-2.9311384859473986,-3.9863483408884623,-0.5569163123300052,-16.97414900726709,-4.132905265185832
212,21.51,0.4735,480.97727272727286,14.1327180417044,-3.135531958295598,-4.264323463282014,-0.5957510720761627,-18.157786447935365,-4.4211000611967926
213,21.61,0.475706896551724,482.7499999999998,14.1858495013599,-3.082400498640098,-4.192064678150533,-0.5856560947416183,-17.85010350579878,-4.346184703082538
214,21.71,0.477913793103448,484.52272727272754,14.0947669990934,-3.1734830009065984,-4.315936881232974,-0.6029617701722536,-18.377559978032508,-4.474611031278304
215,21.81,0.480120689655172,486.2954545454544,14.6049374433364,-2.6633125566635982,-3.622105077062494,-0.5060293857660834,-15.42317580915031,-3.7552707048956733
216,21.91,0.482327586206897,488.06818181818176,12.6450371713509,-4.623212828649098,-6.287569446962774,-0.8784104374433284,-26.772908827756716,-6.518730088395229
217,22.01,0.484534482758621,489.84090909090907,13.3796609247507,-3.888589075249298,-5.288481142339045,-0.7388319242973669,-22.51872120944102,-5.48291059610151
218,22.11,0.486741379310345,491.6136363636365,14.5881305530372,-2.6801194469627987,-3.6449624478694065,-0.5092226949229315,-15.52050408676501,-3.778968420217546
219,22.21,0.488948275862069,493.38636363636385,14.8196319129646,-2.448618087035399,-3.330120598368143,-0.46523743653672556,-14.179885553170699,-3.4525515027199125
220,22.31,0.491155172413793,495.159090909091,12.5029918404352,-4.765258159564798,-6.480751097008126,-0.9053990503173113,-27.59548975469314,-6.719014004986365
221,22.41,0.493362068965517,496.9318181818177,12.8917189483228,-4.376531051677198,-5.952082230280989,-0.831540899818668,-25.34438088212296,-6.170908782864848
222,22.51,0.495568965517241,498.70454545454555,12.671060743427,-4.597189256572998,-6.252177388939278,-0.8734659587488691,-26.622206978547325,-6.482036851767926
223,22.61,0.497775862068965,500.47727272727275,14.5854197642792,-2.6828302357207985,-3.648649120580286,-0.5097377447869516,-15.536202196058074,-3.782790632366326
224,22.71,0.49998275862069,502.25,14.9773998186763,-2.290850181323698,-3.11555624660023,-0.4352615344515023,-13.266255592336796,-3.2300987556664142
225,22.81,0.502189655172414,504.0227272727274,13.1703880326383,-4.097861967361698,-5.57309227561191,-0.7785937737987227,-23.730615246835658,-5.777985373979995
226,22.91,0.504396551724138,505.7954545454545,14.2720525838622,-2.9961974161377984,-4.074828485947406,-0.5692775090661817,-17.350903630291423,-4.224638356754296
227,23.01,0.506771929824561,507.56818181818204,13.5179111514053,-3.750338848594698,-5.100460834088789,-0.7125643812329923,-21.7181176355143,-5.287977776518524
228,23.11,0.509315789473684,509.3409090909087,15.5694360834089,-1.6988139165910976,-2.310386926563893,-0.3227746441523083,-9.83778852281556,-2.3953276223934474
229,23.21,0.511859649122807,511.1136363636365,14.7860181323663,-2.4822318676336987,-3.3758353399818306,-0.4716240548504027,-14.374542108399513,-3.499946933363515
230,23.31,0.51440350877193,513.3725490196077,14.731260199456,-2.5369898005439975,-3.450306128739837,-0.48202806210335947,-14.691643916111927,-3.577155618767036
231,23.41,0.516947368421053,516.1176470588234,13.7911586582049,-3.4770913417950986,-4.7288442248413345,-0.6606473549410685,-20.135748218812555,-4.902698791931089
232,23.51,0.519491228070175,518.8627450980396,14.3165095194923,-2.9517404805076985,-4.014367053490471,-0.560830691296462,-17.0934546378915,-4.161954077515855
233,23.61,0.522035087719298,521.6078431372546,14.6363825929284,-2.6318674070715975,-3.579339673617373,-0.5000548073436035,-15.241077741355365,-3.7109330439709525
234,23.71,0.524578947368421,524.3529411764705,14.1001885766092,-3.1680614233907978,-4.308563535811485,-0.6019316704442517,-18.34616375944753,-4.466966606981025
235,23.78,0.526359649122807,526.2745098039217,15.8128649138713,-1.4553850861286985,-1.9793237171350302,-0.27652316636445273,-8.428098308332915,-2.0520929714414646
236,23.91,0.529666666666667,529.843137254902,15.7391314596555,-1.5291185403444985,-2.079601214868518,-0.2905325226654547,-8.855086881093907,-2.156057141885743
237,24.01,0.532210526315789,532.5882352941176,15.0055920217588,-2.262657978241199,-3.0772148504080308,-0.42990501586582797,-13.102995255692958,-3.1903477493200905
238,24.11,0.534754385964912,535.3333333333335,14.7296337262013,-2.5386162737986986,-3.4525181323662304,-0.4823370920217527,-14.701062781687193,-3.5794489460561647
239,24.21,0.537298245614035,538.0784313725487,14.3728939256573,-2.8953560743426987,-3.9376842611060705,-0.5501176541251129,-16.76693396460382,-4.0824520648232046
240,24.31,0.539842105263158,540.8098159509203,14.2942810516772,-2.973968948322799,-4.044597769719007,-0.5650541001813316,-17.222179134091757,-4.193296217135146
241,24.41,0.542385964912281,543.5092024539877,14.9351115140526,-2.333138485947398,-3.1730683408884612,-0.44329631233000555,-13.511146097302262,-3.289725265185831
242,24.51,0.544929824561403,546.208588957055,14.724754306437,-2.543495693562999,-3.459154143245679,-0.4832641817769696,-14.729319378414138,-3.5863289279238284
243,24.61,0.547473684210526,548.9079754601227,16.3707452402539,-0.8975047597460986,-1.2206064732546942,-0.17052590435175863,-5.197427415899693,-1.265481711241999
244,24.71,0.550017543859649,551.60736196319,15.8372620126927,-1.430987987307299,-1.946143662737927,-0.2718877175883865,-8.286815324698793,-2.0176930621032914
245,24.81,0.552561403508772,554.3067484662577,14.903124206709,-2.365125793290998,-3.2165710788757576,-0.4493739007252895,-13.696383786955819,-3.3348273685403074
246,24.91,0.555105263157895,557.006134969325,14.8472819582956,-2.4209680417043984,-3.292516536717982,-0.45998392792383536,-14.01976483838489,-3.4135649388032014
247,24.99,0.557140350877193,559.1656441717789,16.1744841341795,-1.0937658658204974,-1.4875215775158765,-0.20781551450589442,-6.333970528689922,-1.5422098708069012
248,25.09,0.559684210526316,561.8650306748467,16.7312801450589,-0.5369698549410984,-0.7302790027198939,-0.10202427243880863,-3.1095788799739315,-0.7571274954669487
249,25.15,0.561210526315789,563.4846625766867,14.8998712601995,-2.368378739800498,-3.220995086128678,-0.4499919605620941,-13.71522151810692,-3.339414023118702
250,25.38,0.567061403508772,569.6932515337421,13.8632656391659,-3.4049843608340975,-4.630778730734373,-0.6469470285584782,-19.718178511627396,-4.801027948776078
251,25.52,0.570622807017544,573.4723926380367,12.987138712602,-4.281111287397998,-5.822311350861278,-0.8134111446056194,-24.791807435020914,-6.036366915231177
252,25.61,0.572912280701754,575.9018404907974,14.1858495013599,-3.082400498640098,-4.192064678150533,-0.5856560947416183,-17.85010350579878,-4.346184703082538
253,25.71,0.575456140350877,578.6012269938648,14.9470389845875,-2.321211015412498,-3.156846980960997,-0.4410300929283748,-13.442074416414506,-3.272907531731622
254,25.82,0.578322097378277,581.570552147239,15.057,-2.211249999999998,-3.007299999999997,-0.4201374999999996,-12.805292950935954,-3.117862499999997
255,25.92,0.581543071161049,584.2388059701494,16.2585185856754,-1.0097314143245981,-1.3732347234814535,-0.19184896872167356,-5.847329140617018,-1.4237212941976833
256,26.02,0.58476404494382,586.626865671642,16.017800543971,-1.2504494560289992,-1.700611260199439,-0.2375853966455097,-7.241321245806606,-1.7631337330008887
257,26.12,0.587985018726592,589.0149253731344,14.1186219401632,-3.1496280598367985,-4.283494161378046,-0.5984293313689912,-18.239416616256996,-4.440975564369886
258,26.22,0.591205992509363,591.402985074627,14.3327742520399,-2.9354757479600977,-3.992247017225733,-0.5577403921124184,-16.999265982135412,-4.139020804623738
259,26.32,0.594426966292135,593.7910447761194,12.5295575702629,-4.738692429737098,-6.444621704442453,-0.9003515616500488,-27.441648283625142,-6.681556325929307
260,26.42,0.597647940074906,596.179104477612,13.3183970988214,-3.9498529011785983,-5.371799945602894,-0.7504720512239338,-22.87349847945564,-5.569292590661823
261,26.52,0.600868913857678,598.5671641791043,13.0793055303717,-4.188944469628298,-5.696964478694486,-0.7958994492293767,-24.258071719069964,-5.9064117021759
262,26.62,0.604089887640449,601.6216216216219,12.7789501359927,-4.4892998640072985,-6.105447815049926,-0.8529669741613866,-25.99742222869891,-6.329912808250291
263,26.72,0.607310861423221,605.6756756756753,13.456647325476,-3.811602674523998,-5.183779637352638,-0.7242045081595592,-22.072894905528926,-5.374359771078837
264,26.79,0.609565543071161,608.5135135135135,15.3016101541251,-1.966639845874898,-2.6746301903898613,-0.3736615707162305,-11.388761720932337,-2.7729621826836057
265,26.9,0.61310861423221,612.9729729729733,12.1126382592928,-5.155611740707199,-7.011631967361791,-0.9795662307343678,-29.856017492839165,-7.26941255439715
266,27.0,0.616329588014981,617.0270270270269,12.0681813236627,-5.200068676337299,-7.072093399818727,-0.9880130485040857,-30.113466485239094,-7.332096833635591
267,27.1,0.619550561797753,621.0810810810815,13.4664061650045,-3.8018438349954984,-5.170507615593878,-0.7223503286491448,-22.01638171207562,-5.360599807343652
268,27.19,0.62232541567696,624.72972972973,13.9998893925657,-3.268360607434298,-4.444970426110645,-0.6209885154125168,-18.92699380327652,-4.60838845648236
269,27.29,0.625270783847981,628.7837837837841,14.3468703535811,-2.921379646418899,-3.9730763191297025,-0.5550621328195908,-16.917635813813785,-4.119145301450647
270,27.39,0.628216152019002,632.013071895425,14.0985621033545,-3.169687896645499,-4.310775539437879,-0.6022407003626444,-18.355582625022798,-4.469259934270153
271,27.49,0.631161520190024,634.8888888888891,14.8684261106074,-2.3998238893925983,-3.263760489573934,-0.4559665389845935,-13.897319585902443,-3.3837516840435633
272,27.59,0.634106888361045,637.764705882353,14.0947669990934,-3.1734830009065984,-4.315936881232974,-0.6029617701722536,-18.377559978032508,-4.474611031278304
273,27.7,0.637346793349169,640.928104575163,15.2598640072529,-2.0083859927470975,-2.731404950136053,-0.38159333862194833,-11.63051260403977,-2.8318242497734074
274,27.8,0.64029216152019,643.8039215686272,15.992861287398,-1.2753887126019983,-1.7345286491387177,-0.24232385539437962,-7.385743851299341,-1.7982980847688175
275,27.9,0.643237529691211,646.679738562091,14.3344007252947,-2.933849274705299,-3.990035013599207,-0.5574313621940066,-16.989847116559577,-4.136727477334471
276,28.0,0.646182897862233,649.5555555555553,13.5976083408885,-3.6706416591114976,-4.992072656391637,-0.6974219152311845,-21.256593222309718,-5.175604739347212
277,28.09,0.648833729216152,652.1437908496735,13.4235757026292,-3.8446742973707977,-5.2287570444242855,-0.7304881165004513,-22.264411838899704,-5.420990759292825
278,28.2,0.652073634204276,655.3071895424832,13.6447760652765,-3.6234739347234974,-4.927924551223957,-0.6884600475974638,-20.983446120617305,-5.109098247960131
279,28.3,0.655019002375297,658.1830065359482,13.7445330915685,-3.523716908431499,-4.792254995466839,-0.6695062126019842,-20.40575569864636,-4.968440840888413
280,28.4,0.657964370546318,661.0588235294115,13.7537497733454,-3.514500226654599,-4.779720308250255,-0.6677550430643739,-20.352382127051666,-4.955445319582984
281,28.5,0.66090973871734,663.934640522876,14.2059093381686,-3.0623406618313975,-4.164783300090701,-0.581844725747966,-17.733937497032983,-4.31790033318227
282,28.6,0.663855106888361,666.8104575163403,15.006676337262,-2.261573662737998,-3.0757401813236775,-0.42969899592021976,-13.096716011975726,-3.1888188644605773
283,28.7,0.666800475059382,669.686274509804,13.8838676337262,-3.3843823662737975,-4.602760018132365,-0.6430326495920218,-19.598872881002986,-4.771979136446054
284,28.8,0.669745843230404,672.5620915032683,14.4140979147779,-2.8541520852220987,-3.8816468359020546,-0.5422888961921983,-16.528322703355,-4.024354440163159
285,28.9,0.672691211401425,675.437908496732,15.2213708068903,-2.0468791931096977,-2.7837557026291893,-0.3889070466908424,-11.853425755995529,-2.8860996622846735
286,29.0,0.675636579572447,678.3137254901964,14.0085639165911,-3.259686083408898,-4.433173073436102,-0.6193403558476902,-18.876759853539866,-4.596157377606546
287,29.09,0.678287410926366,680.9019607843135,13.5488141432457,-3.7194358567542984,-5.058432765185846,-0.7066928127833165,-21.539159189577976,-5.24440455802356
288,29.2,0.681527315914489,684.065359477124,13.6539927470535,-3.614257252946498,-4.9153898640072375,-0.686708878059834,-20.93007254902204,-5.0961027266545615
289,29.3,0.684722222222222,686.9411764705884,13.2229773345422,-4.045272665457798,-5.501570825022606,-0.7686018064369815,-23.426071926557693,-5.7038344582954945
290,29.4,0.688166666666667,689.8169934640518,13.1416536718042,-4.126596328195799,-5.612171006346286,-0.7840533023572016,-23.897015205338114,-5.818500822756076
291,29.5,0.691611111111111,692.6928104575164,12.5154614687217,-4.7527885312782985,-6.463792402538487,-0.9030298209428764,-27.523278451946776,-6.7014318291024
292,29.6,0.695055555555556,695.56862745098,12.0502901178604,-5.217959882139599,-7.096425439709855,-0.9914123776065233,-30.21707400657044,-7.357323433816834
293,29.7,0.6985,698.4444444444445,12.7675648232094,-4.500685176790599,-6.120931840435215,-0.8551301835902132,-26.063354287728053,-6.345966099274744
294,29.8,0.701944444444445,701.3202614379089,13.2392420670898,-4.029007932910199,-5.4794507887578705,-0.7655115072529384,-23.331883270801608,-5.68090118540338
295,29.91,0.705733333333333,704.483660130719,13.9071804170444,-3.361069582955599,-4.571054632819615,-0.6386032207615635,-19.463869141086093,-4.739108111967394
296,30.0,0.708833333333333,707.071895424837,14.4927107887579,-2.775539211242098,-3.7747333272892534,-0.5273524501359987,-16.073077533867636,-3.9135102878513575
297,30.1,0.712277777777778,709.9477124183007,13.7532076155938,-3.5150423844061987,-4.78045764279243,-0.667858053037178,-20.355521748910277,-4.956209762012739
298,30.2,0.715293103448276,712.823529411765,14.2438603807797,-3.0243896192202975,-4.113169882139605,-0.5746340276518564,-17.514163966935257,-4.264389363100619
299,30.3,0.717879310344828,715.6993464052287,13.616583862194,-3.6516661378059982,-4.966265947416158,-0.6938165661831395,-21.14670645726115,-5.148849254306457
300,30.39,0.720206896551724,718.3076923076925,14.6835503173164,-2.584699682683599,-3.515191568449695,-0.4910929397098833,-14.967930639662963,-3.6444265525838744
301,30.5,0.723051724137931,721.692307692308,14.189644605621,-3.0786053943789984,-4.186903336355438,-0.58493502493201,-17.82812615278907,-4.340833606074387
302,30.6,0.725637931034483,724.7692307692307,14.3110879419764,-2.9571620580235987,-4.021740398912095,-0.5618607910244835,-17.124850856477057,-4.169598501813274
303,30.7,0.728224137931034,727.8461538461542,13.9727815049864,-3.2954684950135977,-4.4818371532184935,-0.6261390140525833,-19.083974896203138,-4.646610577969173
304,30.8,0.730810344827586,730.9230769230775,13.7868213961922,-3.4814286038077977,-4.734742901178605,-0.6614714347234809,-20.160865193680877,-4.908814331368995
305,30.9,0.733396551724138,734.0,12.6699764279238,-4.598273572076199,-6.253652058023631,-0.8736719786944773,-26.62848622226456,-6.4835657366274395
306,31.0,0.73598275862069,737.0769230769234,13.3238186763373,-3.944431323662698,-5.36442660018127,-0.7494419514959123,-22.842102260870085,-5.561648166364404
307,31.1,0.738568965517241,740.153846153846,13.7120036264733,-3.556246373526699,-4.836495067996311,-0.6756868109700731,-20.594133010158526,-5.0143073866726455
308,31.2,0.741155172413793,743.2307692307693,14.7323445149592,-2.5359054850407983,-3.448831459655486,-0.4818220421577517,-14.685364672394705,-3.575626733907525
309,31.3,0.743741379310345,746.25,14.8478241160471,-2.4204258839528983,-3.2917792021759418,-0.4598809179510508,-14.016625216526855,-3.4128004963735865
310,31.4,0.746327586206897,748.75,14.1950661831369,-3.0731838168630983,-4.179529990933814,-0.5839049252039885,-17.796729934203515,-4.3331891817769685
311,31.5,0.748913793103448,751.25,15.0055920217588,-2.262657978241199,-3.0772148504080308,-0.42990501586582797,-13.102995255692958,-3.1903477493200905
312,31.8,0.756672413793104,758.75,14.7621631912965,-2.5060868087034986,-3.4082780598367584,-0.47615649365366464,-14.512685470175027,-3.533582400271933
313,31.9,0.759258620689655,761.25,15.9549102447869,-1.3133397552130983,-1.7861420670898138,-0.24953455349048848,-7.605517381397063,-1.8518090548504684
314,32.0,0.761844827586207,763.7500000000001,14.5588540344515,-2.7093959655484987,-3.6847785131459587,-0.5147852334542145,-15.69004366712608,-3.820248311423383
315,32.1,0.764431034482759,766.25,14.0199492293744,-3.2483007706255975,-4.417689048050813,-0.6171771464188627,-18.810827794510722,-4.580104086582092
316,32.2,0.76701724137931,768.7500000000001,12.8656953762466,-4.402554623753398,-5.987474288304622,-0.836485378513145,-25.49508273133293,-6.20760201949229
317,32.3,0.769603448275862,771.25,11.5,-5.768249999999998,-7.844819999999999,-1.0959674999999987,-33.40379019298423,-8.133232499999997
318,32.4,0.772189655172414,773.75,12.5149193109701,-4.753330689029898,-6.464529737080662,-0.9031328309156805,-27.526418073805388,-6.702196271532156
319,32.5,0.774775862068966,776.25,12.1093853127833,-5.158864687216699,-7.016055974614711,-0.980184290571172,-29.87485522399027,-7.273999208975545
320,32.6,0.777362068965517,778.7499999999999,12.517630099728,-4.750619900271998,-6.460843064369917,-0.9026177810516796,-27.510719964512898,-6.698374059383516
321,32.7,0.779948275862069,781.2500000000001,13.7364007252947,-3.531849274705298,-4.803315013599206,-0.6710513621940057,-20.452850026524395,-4.97990747733447
322,32.8,0.782534482758621,783.75,13.0418966455122,-4.226353354487799,-5.7478405621034065,-0.8030071373526813,-24.474705627309074,-5.959158229827795
323,32.9,0.785120689655172,786.2499999999999,14.2698839528558,-2.9983660471441986,-4.077777824116111,-0.5696895489573972,-17.363462117725877,-4.22769612647332
324,33.0,0.787706896551724,788.7500000000001,15.2549845874887,-2.0132654125112985,-2.738040961015366,-0.3825204283771466,-11.65876920076614,-2.8387042316409308
325,33.1,0.790334519572954,791.2499999999999,15.5569664551224,-1.711283544877599,-2.3273456210335346,-0.325143873526744,-9.909999825561936,-2.4129097982774144
326,33.2,0.793003558718861,793.75,14.8868594741614,-2.381390525838599,-3.2386911151404947,-0.45246419990933395,-13.790572442711909,-3.3577606414324244
327,33.3,0.795672597864769,796.225,,,,,,
328,33.4,0.798341637010676,798.475,14.8787271078876,-2.3895228921123977,-3.249751133272861,-0.4540093495013555,-13.837666770589943,-3.3692272778784806
329,33.5,0.801010676156584,800.725,15.8497316409792,-1.4185183590207977,-1.9291849682682851,-0.2695184882139514,-8.214604021952415,-2.000110886219325
330,33.6,0.803679715302491,802.9749999999999,14.2731368993654,-2.9951131006345975,-4.073353816863053,-0.5690714891205735,-17.344624386574193,-4.223109471894782
331,33.7,0.806348754448399,805.225,14.0541051677244,-3.2141448322755988,-4.371236971894815,-0.6106875181323632,-18.613031617422724,-4.531944213508594
332,33.8,0.809017793594306,807.4749999999999,14.1544043517679,-3.1138456482320986,-4.234830081595654,-0.591630673164099,-18.032201573593728,-4.390522364007259
333,33.9,0.811686832740214,809.7249999999999,13.0418966455122,-4.226353354487799,-5.7478405621034065,-0.8030071373526813,-24.474705627309074,-5.959158229827795
334,34.0,0.814355871886121,811.9749999999999,13.8269410698096,-3.4413089301903987,-4.680180145058943,-0.6538486967361754,-19.928533176149283,-4.852245591568462
335,34.1,0.817024911032028,814.2249999999999,15.0321577515866,-2.2360922484133976,-3.041085457842221,-0.4248575271985455,-12.94915378462437,-3.1528900702628904
336,34.2,0.819693950177936,816.4750000000001,14.3875321849501,-2.8807178150498984,-3.9177762284678623,-0.5473363848594808,-16.682164174423576,-4.061812119220357
337,34.3,0.822362989323843,818.725,13.9749501359927,-3.293299864007299,-4.4788878150499265,-0.6257269741613865,-19.071416408769267,-4.643552808250291
338,34.4,0.825032028469751,820.9749999999999,15.6897951042611,-1.5784548957388989,-2.146698658204903,-0.2999064301903904,-9.140792470220777,-2.2256214029918473
339,34.5,0.827701067615658,823.225,13.1047869446963,-4.163463055303698,-5.6623097552130295,-0.791057980507702,-24.110509491718606,-5.8704829079782135
340,34.6,0.830370106761566,825.4749999999999,14.0779601087942,-3.190289891205799,-4.338794252039887,-0.6061550793291017,-18.47488825564721,-4.498308746600176
341,34.7,0.833039145907473,827.7250000000001,13.7011604714415,-3.5670895285584976,-4.851241758839557,-0.6777470104261143,-20.656925447329627,-5.029596235267482
342,34.8,0.835708185053381,829.975,13.3324932003626,-3.9357567996373977,-5.3526292475068615,-0.7477937919311053,-22.79186831113401,-5.54941708748873
343,34.9,0.838377224199288,832.3664122137402,13.3362883046238,-3.9319616953761987,-5.347467905711631,-0.7470727221214775,-22.76989095812372,-5.54406599048044
344,35.0,0.841046263345196,836.0305343511452,13.0326799637353,-4.235570036264699,-5.760375249319991,-0.8047583068902924,-24.528079198903765,-5.972153751133225
345,35.1,0.843715302491103,839.6946564885492,12.5534125113327,-4.714837488667298,-6.412178984587525,-0.8958191228467864,-27.303504921849626,-6.64792085902089
346,35.2,0.846384341637011,843.3587786259538,13.8627234814143,-3.405526518585699,-4.631516065276551,-0.6470500385312823,-19.72131813348602,-4.801792391205836
347,35.3,0.849053380782918,847.0229007633584,13.7174252039891,-3.5508247960108985,-4.829121722574822,-0.6746567112420712,-20.562736791573542,-5.0066629623753665
348,35.4,0.851722419928826,850.6870229007627,12.007459655485,-5.260790344514998,-7.154674868540398,-0.9995501654578485,-30.465104133395094,-7.417714385766146
349,35.5,0.854391459074733,854.3511450381677,14.4319891205802,-2.8362608794197985,-3.857314796010926,-0.538889567089762,-16.42471518202365,-3.9991278399819157
350,35.52,0.854925266903915,855.0839694656489,13.123,-4.145249999999999,-5.637539999999999,-0.7875975000000004,-24.005038148046264,-5.844802499999998
351,35.57,0.856259786476868,856.916030534351,11.748,-5.520249999999999,-7.507539999999999,-1.048847499999999,-31.96762845105902,-7.783552499999998
352,35.6,0.857060498220641,858.015267175573,13.1915321849501,-4.076717815049898,-5.544336228467862,-0.7745763848594809,-23.60816999435321,-5.748172119220356
353,35.62,0.857594306049822,858.7480916030534,11.639,-5.629249999999999,-7.655779999999999,-1.0695574999999993,-32.598844700534215,-7.937242499999998
354,35.67,0.858928825622776,860.5801526717561,13.135,-4.1332499999999985,-5.621219999999998,-0.7853174999999997,-23.935546450856336,-5.827882499999998
355,35.7,0.859729537366548,861.6793893129776,12.6477479601088,-4.620502039891198,-6.28388277425203,-0.8778953875793274,-26.757210718464226,-6.514907876246589
356,35.72,0.86026334519573,862.4122137404581,12.823,-4.445249999999998,-6.045539999999997,-0.8445974999999999,-25.742330577794498,-6.267802499999997
357,35.77,0.861597864768683,864.2442748091602,13.289,-3.9792499999999986,-5.4117799999999985,-0.7560574999999998,-23.043736336918908,-5.610742499999998
358,35.8,0.862398576512455,865.3435114503809,13.8085077062557,-3.4597422937442985,-4.705249519492247,-0.6573510358114163,-20.035280319339247,-4.87823663417946
359,35.82,0.862932384341637,866.0763358778631,11.626,-5.642249999999999,-7.673459999999999,-1.072027499999999,-32.67412737248997,-7.955572499999998
360,35.87,0.864271676300578,867.9083969465648,13.174,-4.094249999999999,-5.568179999999999,-0.7779074999999995,-23.709698434989065,-5.772892499999998
361,35.92,0.865630057803468,869.740458015267,14.2,-3.068249999999999,-4.172819999999999,-0.5829674999999996,-17.768158325250095,-4.326232499999999
362,35.97,0.866988439306358,871.572519083969,15.687,-1.581249999999999,-2.1504999999999987,-0.3004374999999997,-9.156978848464663,-2.2295624999999983
363,36.02,0.868346820809249,873.404580152672,17.428,0.1597500000000025,0.21726000000000342,0.03035250000000045,0.925108218840951,0.22524750000000351
364,36.07,0.869705202312139,875.2366412213739,15.67,-1.5982499999999984,-2.173619999999998,-0.30366749999999954,-9.255425419483727,-2.2535324999999977
365,36.12,0.871063583815029,877.0687022900759,16.319,-0.9492499999999993,-1.2909799999999991,-0.18035749999999973,-5.497082796461711,-1.3384424999999989
366,36.17,0.872421965317919,878.9007633587789,15.831,-1.4372499999999988,-1.9546599999999985,-0.27307749999999964,-8.323078482185506,-2.0265224999999982
367,36.22,0.873780346820809,880.4878048780492,15.198,-2.070249999999998,-2.8155399999999973,-0.3933474999999995,-11.988765508954284,-2.9190524999999967
368,36.27,0.875138728323699,881.707317073171,15.846,-1.4222499999999982,-1.9342599999999976,-0.2702274999999996,-8.236213860698092,-2.0053724999999973
369,36.32,0.87649710982659,882.926829268293,15.813,-1.4552499999999977,-1.979139999999997,-0.2764974999999996,-8.427316027970395,-2.0519024999999966
370,36.37,0.87785549132948,884.1463414634151,14.124,-3.1442499999999978,-4.276179999999997,-0.5974074999999992,-18.208272407452974,-4.4333924999999965
371,36.42,0.87921387283237,885.3658536585372,15.52,-1.7482499999999987,-2.3776199999999985,-0.3321674999999997,-10.124071634357849,-2.465032499999998
372,36.47,0.88057225433526,886.585365853659,15.069,-2.1992499999999975,-2.990979999999997,-0.4178574999999993,-12.735801253746024,-3.1009424999999964
373,36.52,0.88193063583815,887.80487804878,14.749,-2.5192499999999978,-3.4261799999999973,-0.4786574999999993,-14.588913178810811,-3.552142499999997
374,36.57,0.883289017341041,889.0243902439028,14.8,-2.4682499999999976,-3.356819999999997,-0.46896749999999976,-14.293573465753608,-3.4802324999999965
375,36.62,0.884647398843931,890.2439024390239,15.51,-1.7582499999999985,-2.3912199999999983,-0.3340674999999993,-10.18198138201612,-2.4791324999999977
376,36.67,0.886005780346821,891.463414634146,15.05,-2.2182499999999976,-3.016819999999997,-0.42146749999999944,-12.845829774296746,-3.1277324999999965
377,36.72,0.887364161849711,892.6829268292679,15.245,-2.023249999999999,-2.751619999999999,-0.38441749999999963,-11.716589694960401,-2.8527824999999987
378,36.77,0.888722543352601,893.9024390243898,15.447,-1.8212499999999991,-2.476899999999999,-0.34603749999999955,-10.546812792263255,-2.567962499999999
379,36.82,0.890080924855491,895.1219512195119,14.835,-2.4332499999999975,-3.3092199999999967,-0.46231749999999927,-14.090889348949649,-3.430882499999996
380,36.87,0.891439306358381,896.3414634146341,14.981,-2.2872499999999985,-3.110659999999998,-0.4345774999999996,-13.245407033138845,-3.2250224999999975
381,36.92,0.892797687861272,897.560975609756,,,,,,
382,36.97,0.894156069364162,898.7804878048781,15.66,-1.6082499999999982,-2.1872199999999977,-0.30556749999999955,-9.313335167141998,-2.2676324999999973
383,37.02,0.895514450867052,900.0,14.844,-2.424249999999999,-3.2969799999999987,-0.4606074999999996,-14.03877057605721,-3.418192499999998
384,37.07,0.896872832369942,901.219512195122,13.145,-4.123249999999999,-5.607619999999999,-0.7834174999999997,-23.877636703198064,-5.813782499999998
385,37.12,0.898231213872832,902.4390243902441,15.212,-2.0562499999999986,-2.796499999999998,-0.39068749999999985,-11.907691862232703,-2.899312499999998
386,37.17,0.899589595375723,903.6585365853662,16.51,-0.7582499999999968,-1.0312199999999956,-0.14406749999999935,-4.391006616188651,-1.0691324999999954
387,37.22,0.900947976878613,904.878048780488,16.244,-1.0242499999999986,-1.392979999999998,-0.1946074999999996,-5.931405903898766,-1.4441924999999978
388,37.27,0.902306358381503,906.09756097561,17.531,0.2627500000000005,0.35734000000000066,0.04992250000000009,1.5215786197211674,0.3704775000000007
389,37.32,0.903664739884393,907.3170731707321,15.868,-1.400249999999998,-1.9043399999999975,-0.2660474999999993,-8.108812415849888,-1.974352499999997
390,37.37,0.905023121387283,908.5365853658539,15.812,-1.456249999999999,-1.9804999999999986,-0.27668749999999975,-8.43310700273623,-2.0533124999999983
391,37.42,0.906381502890173,909.7560975609761,16.431,-0.8372499999999974,-1.1386599999999965,-0.15907749999999954,-4.848493622689024,-1.1805224999999961
392,37.47,0.907739884393063,910.975609756098,14.81,-2.458249999999998,-3.3432199999999974,-0.4670674999999993,-14.235663718095337,-3.466132499999997
393,37.52,0.909098265895954,912.1951219512199,14.247,-3.0212499999999984,-4.108899999999998,-0.5740374999999993,-17.4959825112562,-4.259962499999998
394,37.57,0.910456647398844,913.4146341463409,,,,,,
395,37.62,0.911831858407079,914.6341463414628,13.675,-3.5932499999999976,-4.8868199999999975,-0.682717499999999,-20.808420077309503,-5.066482499999997
396,37.67,0.913218289085546,915.8536585365849,16.779,-0.4892499999999984,-0.6653799999999979,-0.0929574999999997,-2.833234404181075,-0.6898424999999977
397,37.72,0.914604719764012,917.0731707317069,15.412,-1.8562499999999975,-2.5244999999999966,-0.3526874999999996,-10.749496909067204,-2.617312499999996
398,37.77,0.915991150442478,918.292682926829,15.482,-1.786249999999999,-2.4292999999999987,-0.33938749999999995,-10.344128675459292,-2.5186124999999984
399,37.82,0.917377581120944,919.5121951219511,16.245,-1.0232499999999973,-1.3916199999999965,-0.19441749999999947,-5.925614929132932,-1.442782499999996
400,37.87,0.91876401179941,920.825,15.497,-1.7712499999999984,-2.4088999999999983,-0.3365374999999995,-10.257264053971877,-2.4974624999999975
401,37.92,0.920150442477876,922.2,14.917,-2.3512499999999985,-3.197699999999998,-0.4467374999999998,-13.6160294181518,-3.3152624999999976
402,37.97,0.921536873156342,923.575,14.976,-2.2922499999999975,-3.117459999999997,-0.4355274999999992,-13.274361906967977,-3.232072499999996
403,38.02,0.922923303834808,924.9499999999999,15.762,-1.5062499999999979,-2.048499999999997,-0.2861874999999996,-8.722655741027596,-2.123812499999997
404,38.07,0.924309734513274,926.325,16.428,-0.8402499999999975,-1.1427399999999968,-0.1596474999999995,-4.865866546986508,-1.1847524999999963
405,38.12,0.92569616519174,927.6999999999998,15.043,-2.225249999999999,-3.026339999999999,-0.4227974999999997,-12.886366597657547,-3.1376024999999985
406,38.22,0.928469026548672,930.45,14.125,-3.1432499999999983,-4.274819999999998,-0.5972174999999993,-18.20248143268715,-4.4319824999999975
407,38.27,0.929855457227139,931.825,13.717,-3.551249999999998,-4.829699999999997,-0.6747374999999991,-20.56519913714475,-5.007262499999997
408,38.32,0.931241887905605,933.2,15.091,-2.177249999999999,-2.961059999999999,-0.4136774999999995,-12.608399808897827,-3.0699224999999983
409,38.37,0.932628318584071,934.575,16.472,-0.796249999999997,-1.082899999999996,-0.15128749999999935,-4.611063657290097,-1.1227124999999958
410,38.42,0.934014749262537,935.95,15.456,-1.8122499999999988,-2.4646599999999985,-0.3443274999999999,-10.494694019370804,-2.5552724999999983
411,38.47,0.935401179941003,937.3249999999998,17.661,0.39275000000000304,0.5341400000000042,0.07462250000000059,2.274405339278752,0.5537775000000043
412,38.52,0.936787610619469,938.7000000000003,15.934,-1.334249999999999,-1.8145799999999987,-0.2535074999999998,-7.72660808130528,-1.8812924999999985
413,38.58,0.938451327433628,940.3500000000004,15.152,-2.116249999999999,-2.878099999999999,-0.4020874999999995,-12.255150348182354,-2.9839124999999984
414,38.62,0.939560471976401,941.4500000000002,14.074,-3.1942499999999985,-4.344179999999998,-0.6069075000000002,-18.49782114574435,-4.503892499999997
415,38.64,0.940115044247788,942.0000000000002,14.4330734360834,-2.8351765639165976,-3.855840126926573,-0.5386835471441538,-16.418435938306416,-3.9975989551224025
416,38.74,0.94288790560472,944.75,13.8849519492294,-3.3832980507705983,-4.601285349048014,-0.6428266296464136,-19.592593637285763,-4.770450251586543
417,38.84,0.945660766961652,947.5,14.7345131459656,-2.533736854034398,-3.4458821214867816,-0.4814100022665353,-14.67280618496025,-3.572568964188501
418,38.94,0.948433628318584,950.2500000000001,14.0757914777879,-3.192458522212098,-4.341743590208453,-0.6065671192202986,-18.487446743081076,-4.501366516319058
419,39.03,0.950929203539823,952.7250000000001,13.3986364460562,-3.8696135539437986,-5.262674433363567,-0.735226575249321,-22.40883444439245,-5.456155111060756
420,39.12,0.953424778761062,955.2,13.2007488667271,-4.0675011332728985,-5.531801541251142,-0.7728252153218502,-23.554796422757946,-5.735176597914786
421,39.23,0.956474926253687,958.2249999999999,15.272875793291,-1.9953742067089983,-2.713708921124238,-0.3791210992747098,-11.555161679434791,-2.8134776314596874
422,39.34,0.959387096774194,961.2499999999999,16.6700163191296,-0.598233680870397,-0.81359780598374,-0.11366439936537531,-3.4643561499885456,-0.8435094900272597
423,39.44,0.961909090909091,964.0,15.1774560290118,-2.090793970988198,-2.843479800543949,-0.39725085448775754,-12.107735126536841,-2.948019499093359
424,39.54,0.964431085043988,966.7499999999999,15.209985494107,-2.058264505892998,-2.7992397280144776,-0.3910702561196695,-11.919357815024673,-2.9021529533091273
425,39.63,0.966700879765396,969.2249999999999,14.3577135086129,-2.9105364913870986,-3.9583296282864544,-0.5530019333635487,-16.854843376642677,-4.103856452855808
426,39.74,0.969475073313783,972.2499999999998,14.7399347234814,-2.5283152765185974,-3.4385087760652926,-0.48037990253853335,-14.64140996637527,-3.5649245398912224
427,39.84,0.97199706744868,975.0,15.1834197642792,-2.0848302357207977,-2.835369120580285,-0.3961177447869515,-12.07319928609325,-2.9396106323663247
428,39.94,0.974519061583578,977.75,15.1449265639166,-2.123323436083398,-2.8877198730734213,-0.4034314528558456,-12.29611243804901,-2.993886044877591
429,40.04,0.977041055718475,980.4999999999998,14.8494505893019,-2.4187994106980977,-3.2895671985494133,-0.45957188803263804,-14.007206350951012,-3.4105071690843176
430,40.13,0.979310850439883,982.9749999999999,13.1205095194923,-4.147740480507698,-5.64092705349047,-0.7880706912964621,-24.01946045782114,-5.848314077515854
431,40.24,0.98208504398827,985.9999999999999,14.5659020852221,-2.7023479147778975,-3.6751931640979407,-0.5134461038078006,-15.649228582965256,-3.8103105598368354
432,40.34,0.984607038123167,988.235294117647,14.9394487760653,-2.3288012239346987,-3.1671696645511904,-0.4424722325475927,-13.48602912243394,-3.283609725747925
433,40.44,0.987129032258064,990.4705882352941,15.8876826835902,-1.380567316409799,-1.8775715503173267,-0.26230779011786187,-7.994830491855279,-1.9465999161378162
434,40.53,0.989398826979472,992.4823529411759,16.1967126019946,-1.0715373980053968,-1.4572908612873399,-0.20359210562102525,-6.205246032489668,-1.5108677311876095
435,40.62,0.99166862170088,994.494117647059,13.544476881233,-3.7237731187669976,-5.064331441523117,-0.7075168925657298,-21.564276164446298,-5.250520097461466
436,40.72,0.994190615835777,996.729411764706,14.2563300090662,-3.011919990933798,-4.096211187669965,-0.5722647982774216,-17.44195266418889,-4.246807187216655
437,40.83,0.996964809384164,999.1882352941179,14.4395793291024,-2.8286706708975977,-3.8469921124207334,-0.5374474274705436,-16.380760476004216,-3.9884256459656124
438,40.94,0.999739002932551,1001.64705882353,14.3067506799637,-2.961499320036298,-4.027639075249366,-0.5626848708068959,-17.14996783134538,-4.1757140412511795
439,41.04,1.00216129032258,1003.88235294118,15.0175194922937,-2.250730507706299,-3.060993490480567,-0.4276387964641968,-13.033923574805204,-3.1735300158658815
440,41.18,1.00541290322581,1006.6630434782599,14.5539746146872,-2.7142753853127974,-3.691414524025405,-0.515712323209431,-15.718300263853013,-3.827128293291044
441,41.28,1.00773548387097,1008.51086956522,14.8152946509519,-2.452955349048098,-3.336019274705414,-0.4660615163191384,-14.205002528039024,-3.4586670421578183
442,41.34,1.00912903225806,1009.61956521739,14.2818114233908,-2.986438576609199,-4.061556464188511,-0.5674233295557478,-17.294390436837546,-4.21087839301897
443,41.44,1.01145161290323,1011.4673913043501,14.474277425204,-2.7939725747959976,-3.799802701722557,-0.5308547892112392,-16.179824677057596,-3.9395013304623565
444,41.54,1.01377419354839,1013.3152173913,17.0739238440617,-0.19432615593829894,-0.2642835720760866,-0.03692196962827676,-1.125337865378941,-0.2739998798730015
445,41.63,1.01586451612903,1014.97826086957,15.6480489573889,-1.6202010426110984,-2.203473417951094,-0.3078381980961087,-9.38254335332821,-2.2844834700816485
446,41.74,1.01841935483871,1017.01086956522,12.9719582955576,-4.296291704442398,-5.842956718041662,-0.8162954238440552,-24.87971684705977,-6.057771303263781
447,41.84,1.02074193548387,1018.85869565217,12.8928032638259,-4.375446736174098,-5.950607561196773,-0.8313348798730784,-25.338101638406314,-6.169379898005477
448,41.94,1.02306451612903,1020.70652173913,12.6851568449683,-4.583093155031698,-6.233006690843109,-0.870787699456022,-26.540576810225115,-6.462161348594694
449,42.03,1.02515483870968,1022.8000000000002,16.3289990933817,-0.9392509066182981,-1.2773812330008856,-0.17845767225747666,-5.439178299007128,-1.3243437783318004
450,42.12,1.02724516129032,1026.4,15.7722030825023,-1.496046917497699,-2.0346238077968706,-0.284248914324563,-8.663569947723127,-2.1094261536717553
451,42.22,1.02956774193548,1030.4,16.5447778785131,-0.7234721214868998,-0.9839220852221837,-0.13745970308251088,-4.189608799310294,-1.0200956912965287
452,42.33,1.03212258064516,1034.8,15.6816627379873,-1.5865872620126975,-2.1577586763372687,-0.30145157978241244,-9.187886798098809,-2.2370880394379036
453,42.43,1.03444516129032,1038.56603773585,13.6865222121487,-3.581727787851298,-4.871149791477765,-0.6805282796917469,-20.74169523750987,-5.050236180870329
454,42.54,1.037,1041.67924528302,13.2593019038985,-4.0089480961014985,-5.452169410698039,-0.7617001382592843,-23.215717262035813,-5.652616815503112
455,42.62,1.03885806451613,1043.94339622642,15.2614904805077,-2.0067595194922987,-2.7291929465095266,-0.38128430870353647,-11.621093738463939,-2.829530922484141
456,42.74,1.04164516129032,1047.33962264151,15.2013109700816,-2.066939029918398,-2.8110370806890215,-0.3927184156844956,-11.96959176476133,-2.914384032184941
457,42.84,1.04396774193548,1050.16981132076,14.6765022665458,-2.5917477334541985,-3.5247769174977104,-0.49243206935629713,-15.008745723823774,-3.6543643041704197
458,42.92,1.04582580645161,1052.4339622641503,15.864369900272,-1.4038800997279992,-1.9092769356300792,-0.2667372189483197,-8.12983423177218,-1.9794709406164788
459,43.04,1.04861290322581,1055.8301886792499,14.5236137805984,-2.744636219401599,-3.732705258386175,-0.5214808816863039,-15.894119087930736,-3.8699370693562543
460,43.13,1.05070322580645,1058.3773584905698,14.0649483227561,-3.203301677243898,-4.356490281051702,-0.6086273186763398,-18.55023918025219,-4.516655364913896
461,43.24,1.05325806451613,1061.49056603774,14.0606110607434,-3.207638939256599,-4.3623889573889745,-0.609451398458754,-18.575356155120517,-4.5227709043518045
462,43.34,1.05558064516129,1064.32075471698,14.4580126926564,-2.8102373073435984,-3.821922737987294,-0.5339450883952832,-16.274013332813684,-3.9624346033544735
463,43.44,1.05790322580645,1067.15094339623,13.513031731641,-3.7552182683589983,-5.107096844968238,-0.7134914709882096,-21.746374232241244,-5.294857758386187
464,43.54,1.06022580645161,1069.98113207547,13.1557497733454,-4.112500226654598,-5.593000308250254,-0.7813750430643731,-23.815385037016483,-5.798625319582983
465,43.63,1.06231612903226,1072.52830188679,12.6753980054397,-4.592851994560299,-6.246278712602007,-0.8726418789664558,-26.597090003679003,-6.475921312330021
466,43.74,1.06487096774194,1075.6415094339598,11.991737080689,-5.276512919310999,-7.17605757026296,-1.0025374546690893,-30.556153167292578,-7.439883216228508
467,43.84,1.0671935483871,1078.4716981132103,12.032398912058,-5.235851087941999,-7.120757479601119,-0.9948117067089797,-30.32068152790236,-7.382550033998218
468,43.94,1.06951612903226,1081.3018867924502,12.4617878513146,-4.806462148685398,-6.536788522212142,-0.9132278082502259,-27.834101015941965,-6.777111629646411
469,44.04,1.07183870967742,1084.1320754716999,11.938063463282,-5.3301865367179975,-7.249053689936477,-1.01273544197642,-30.866975731287177,-7.515563016772376
470,44.14,1.07533333333333,1086.96226415094,13.5705004533092,-3.6977495466907975,-5.028939383499485,-0.702572413871251,-21.413574315236332,-5.213826860834025
471,44.24,1.08,1089.79245283019,13.2880362647325,-3.9802137352674976,-5.413090679963797,-0.756240609700825,-23.04931730353393,-5.612101366727171
472,44.34,1.08466666666667,1092.62264150943,13.763508612874,-3.504741387125998,-4.766448286491357,-0.6659008635539401,-20.295868933597777,-4.941685355847657
473,44.42,1.0884,1094.8867924528297,13.5341758839529,-3.7340741160470987,-5.078340797824055,-0.7094740820489482,-21.623928979758222,-5.265044503626409
474,44.54,1.094,1098.25,14.0752493200363,-3.193000679963699,-4.342480924750631,-0.6066701291931027,-18.4905863649397,-4.502130958748816
475,44.64,1.09866666666667,1100.75,13.8822411604714,-3.386008839528598,-4.604972021758893,-0.6433416795104341,-19.608291746578825,-4.774272463735323
476,44.74,1.10333333333333,1103.25,15.6030498640073,-1.6652001359926984,-2.26467218495007,-0.3163880258386129,-9.643131967586168,-2.3479321917497047
477,44.84,1.108,1105.75,14.4222302810517,-2.8460197189482983,-3.870586817769686,-0.5407437466001763,-16.48122837547695,-4.0128878037171
478,44.94,1.11266666666667,1108.6000000000004,15.2468522212149,-2.021397778785099,-2.7491009791477348,-0.3840655779691686,-11.705863528644183,-2.8501708680869893
479,45.04,1.116625,1114.6,14.950291931097,-2.317958068902998,-3.1524229737080773,-0.44041203309156973,-13.423236685263406,-3.268320877153227
480,45.14,1.119875,1120.6,16.568632819583,-0.6996171804169968,-0.9514793653671157,-0.1329272642792293,-4.051465437534185,-0.9864602243879654
481,45.23,1.1228,1126.0,16.5957407071623,-0.6725092928376988,-0.9146126382592704,-0.12777676563916274,-3.8944843446075823,-0.9482381029011552
482,45.45,1.12995,1131.7323943662,15.3851024478694,-1.8831475521305983,-2.561080670897614,-0.35779803490481354,-10.905259954718044,-2.6552380485041436
483,45.54,1.132875,1134.07746478873,14.6347561196736,-2.633493880326398,-3.5815516772439016,-0.5003638372620158,-15.250496606931208,-3.713226371260221
484,45.64,1.136125,1136.6830985915503,14.8299871260199,-2.438262873980099,-3.3160375086129346,-0.46326994605621863,-14.119918775672687,-3.4379506523119394
485,45.74,1.139375,1139.28873239437,14.8461976427924,-2.4220523572075976,-3.293991205802333,-0.4601899478694431,-14.026044082102112,-3.4150938236627124
486,45.84,1.142625,1141.8943661971828,14.5989737080689,-2.669276291931098,-3.6302157570262934,-0.507162495466909,-15.457711649594478,-3.763679571622848
487,45.94,1.145875,1144.4999999999998,15.1395049864007,-2.128745013599298,-2.8950932184950453,-0.4044615525838666,-12.327508656634564,-3.00153046917501
488,46.04,1.149125,1147.10563380282,14.6797552130553,-2.5884947869446986,-3.52035291024479,-0.49181400951949295,-14.989907992672672,-3.649777649592025
489,46.14,1.152375,1149.7112676056374,14.9036663644606,-2.3645836355393985,-3.2158337443335823,-0.4492708907524854,-13.69324416509721,-3.3340629261105517
490,46.24,1.155625,1152.3169014084528,15.1590226654578,-2.109227334542199,-2.868549174977391,-0.40075319356301753,-12.214482269727386,-2.9740105417045006
491,46.34,1.158875,1154.9225352112676,15.8378041704442,-1.430445829555799,-1.9454063281958867,-0.2717847076156019,-8.283675702840759,-2.0169286196736764
492,46.44,1.162125,1157.5281690140823,16.2303263825929,-1.037923617407099,-1.4115761196736547,-0.19720548730734877,-6.010589477260863,-1.4634723005440093
493,46.54,1.165375,1160.1338028168998,15.2951042611061,-1.9731457388938978,-2.6834782048957013,-0.3748976903898402,-11.426437183234537,-2.7821354918403958
494,46.64,1.16826506024096,1162.73943661972,15.0570970081596,-2.2111529918403985,-3.007168068902942,-0.42011906844967584,-12.804731179131634,-3.117725718494962
495,46.74,1.17079518072289,1165.3450704225374,14.5734922937443,-2.6947577062556984,-3.66487048050775,-0.5120039641885827,-15.605273876945832,-3.7996083658205344
496,46.84,1.17332530120482,1167.9507042253526,15.6540126926564,-1.6142373073435987,-2.195362737987294,-0.306705088395284,-9.348007512884044,-2.276074603354474
497,46.94,1.17585542168675,1170.5563380281674,15.4084152311877,-1.8598347688122985,-2.529375285584726,-0.3533686060743366,-10.770256214800565,-2.6223670240253405
498,47.04,1.17838554216867,1173.16197183099,14.4075920217588,-2.860657978241198,-3.8904948504080297,-0.5435250158658276,-16.56599816565777,-4.033527749320089
499,47.14,1.1809156626506,1175.7676056338,14.0150698096102,-3.2531801903897986,-4.424325058930126,-0.6181042361740614,-18.83908439123709,-4.586984068449616
500,47.22,1.18293975903614,1177.85211267606,14.2492819582956,-3.018968041704399,-4.105796536717983,-0.5736039279238359,-17.482767748349712,-4.256744938803203
501,47.32,1.18546987951807,1180.4577464788701,14.2877751586582,-2.980474841341799,-4.053445784224847,-0.5662902198549418,-17.259854596393957,-4.202469526291936
502,47.42,1.188,1183.06338028169,13.2397842248413,-4.028465775158699,-5.478713454215831,-0.765408497280152,-23.32874364894358,-5.680136742973765
